customerID,tenure,contract,internet_service,MonthlyCharges,TotalCharges,RiskScore
CUST-0,7,Month-to-month,Fiber optic,54.608182898865294,638.1856261984943,0.7948319628638696
CUST-1,4,Month-to-month,DSL,71.27997229910497,295.2847460715093,0.8821080332494432
CUST-2,13,Month-to-month,Fiber optic,83.03980276645109,1467.3120166165718,0.7798051614143079
CUST-3,11,Month-to-month,Fiber optic,74.19246536799513,1287.3099206665497,0.9637801415655954
CUST-4,8,Month-to-month,Fiber optic,100.01864062851034,772.5828910266439,0.8838279439314082
CUST-5,13,Month-to-month,Fiber optic,98.88026028259935,924.7058628918433,0.7208529480217691
CUST-6,5,Month-to-month,Fiber optic,86.70986120619328,379.52852766151034,0.9636116207623538
CUST-7,7,Month-to-month,Fiber optic,72.40747670796232,838.491252068033,0.9777523308711045
CUST-8,10,Month-to-month,Fiber optic,65.32018242579466,1057.7066930261399,0.7225366013336003
CUST-9,3,Month-to-month,Fiber optic,56.35245909278776,796.9921911605537,0.8543844681097813
CUST-10,7,Month-to-month,Fiber optic,71.29386100919324,1485.9134973481648,0.7879756418421094
CUST-11,11,Month-to-month,Fiber optic,74.79035103246318,936.445401559203,0.8139233321796067
CUST-12,11,Month-to-month,Fiber optic,90.54937550624442,587.9118832586452,0.7520988532070491
CUST-13,8,One year,Fiber optic,89.48958945785441,1169.6204400429654,0.8676409095835996
CUST-14,5,One year,DSL,54.20648837847542,297.170641793381,0.9778140124421782
CUST-15,4,Month-to-month,Fiber optic,73.71555892586947,607.5479298740864,0.8458910540787666
CUST-16,8,Month-to-month,DSL,60.90673203304171,553.0904780474995,0.7240452286043995
CUST-17,8,Month-to-month,Fiber optic,59.40876231900834,676.120287906277,0.8798003867084484
CUST-18,3,Month-to-month,Fiber optic,99.63812898423475,1183.580747596653,0.7986646683908645
CUST-19,6,Month-to-month,Fiber optic,52.514913002975455,752.0508966369408,0.9482183049814763
CUST-20,5,Month-to-month,Fiber optic,75.15097255412728,1201.320952885646,0.8260566630117764
CUST-21,2,Month-to-month,Fiber optic,60.09221934599109,885.9089095528055,0.7559234865932511
CUST-22,8,Month-to-month,DSL,102.75981294070844,546.0006802534552,0.755420630580432
CUST-23,12,Month-to-month,Fiber optic,83.42243079650211,1224.469178341035,0.9229416124091365
CUST-24,14,Month-to-month,DSL,63.88283818261088,395.5200223019828,0.7770204035091344
CUST-25,6,Month-to-month,DSL,80.14563722998258,375.35532070970345,0.9224976843061746
CUST-26,2,Month-to-month,DSL,93.88918158218695,781.5292398795118,0.7597073201223138
CUST-27,12,Month-to-month,DSL,107.48708053516603,428.2314066450289,0.7932890469233796
CUST-28,5,Month-to-month,Fiber optic,63.226760254725136,63.176200679263665,0.8349912220075127
CUST-29,1,Month-to-month,Fiber optic,103.1709063277607,990.0314145832622,0.9735267964111007
CUST-30,12,Month-to-month,Fiber optic,106.05824685004941,791.0860411349771,0.9702021131786092
CUST-31,10,Month-to-month,Fiber optic,104.98523267192397,696.0008310150837,0.7599928438724635
CUST-32,6,Month-to-month,Fiber optic,88.12486141171459,1452.1043461965573,0.8038835219604911
CUST-33,13,Month-to-month,DSL,87.78923926608246,878.2388167462249,0.743325822651594
CUST-34,12,Month-to-month,Fiber optic,74.19263799102937,1301.9757877946076,0.8478956730009142
CUST-35,9,Month-to-month,Fiber optic,95.14387293822728,252.20284249748224,0.8335689397014533
CUST-36,1,One year,Fiber optic,81.87764110105591,875.3493715376701,0.9612204471107124
CUST-37,11,Month-to-month,Fiber optic,90.64628427369767,1308.5704587598093,0.9697015595594111
CUST-38,11,Month-to-month,Fiber optic,75.70747423092773,895.5033480558521,0.8112345433921146
CUST-39,10,Month-to-month,DSL,93.88978784258835,1091.1205582841521,0.8426040034755069
CUST-40,12,Month-to-month,Fiber optic,99.46829105627295,589.4631733277007,0.9599085122523786
CUST-41,12,Month-to-month,Fiber optic,58.786175396168964,184.05179970374658,0.9339452642460678
CUST-42,14,One year,Fiber optic,99.97578293445368,713.9554279342535,0.7010603302899483
CUST-43,14,Month-to-month,Fiber optic,82.41779190741843,621.9951167163434,0.7928172736132388
CUST-44,14,Month-to-month,Fiber optic,100.67995454541347,1307.2372644494737,0.8223145301614765
CUST-45,3,Month-to-month,Fiber optic,75.87810238046087,403.79318841108477,0.7666177222681372
CUST-46,12,Month-to-month,Fiber optic,72.7424291229821,1451.7646299259068,0.7578757686098222
CUST-47,7,Month-to-month,Fiber optic,104.90364395103335,1439.3002737165193,0.7109575069127471
CUST-48,4,Month-to-month,Fiber optic,65.07015605290408,409.06588245358614,0.8865772202702306
CUST-49,9,Month-to-month,Fiber optic,100.65273951716858,554.6753354421147,0.776127984240118
CUST-50,3,One year,Fiber optic,79.04123435056425,1348.5558242671332,0.7151806817450808
CUST-51,5,Month-to-month,Fiber optic,80.84572655307558,1451.6022202993558,0.7669840000531384
CUST-52,3,Month-to-month,Fiber optic,68.50809688936904,692.9866991122639,0.9325550463224767
CUST-53,7,Month-to-month,No,84.38253203714095,515.4457161793018,0.9469318626774985
CUST-54,5,Month-to-month,Fiber optic,69.51267177657267,812.8363192147359,0.8400892111060577
CUST-55,9,Month-to-month,Fiber optic,52.35616485449914,1047.2653492303155,0.820660494418519
CUST-56,7,Month-to-month,Fiber optic,66.31991632066136,446.5380472937207,0.9835775711155167
CUST-57,2,Month-to-month,Fiber optic,50.38274260439544,1117.8861031976555,0.7581637512805403
CUST-58,4,Month-to-month,Fiber optic,108.7012872234114,124.9031678162295,0.7624541920278364
CUST-59,9,Month-to-month,Fiber optic,107.94483258918486,121.47701450840384,0.7846414813405559
CUST-60,12,Month-to-month,No,73.7093178483383,610.1171724610406,0.7500996223015153
CUST-61,14,Month-to-month,Fiber optic,93.70225126037876,562.5361284880448,0.8100160234792141
CUST-62,2,One year,Fiber optic,70.7483659046255,507.6681622823708,0.9641419258270286
CUST-63,10,Month-to-month,Fiber optic,90.26558942515857,761.9786558699195,0.8784508737822865
CUST-64,9,Month-to-month,Fiber optic,98.32580258275874,515.0636943517783,0.8194644990975565
CUST-65,10,One year,Fiber optic,106.80537468153445,328.7739817787333,0.9709791304256523
CUST-66,5,Month-to-month,Fiber optic,74.01273655098032,498.7308461784713,0.7140546274179884
CUST-67,2,One year,DSL,96.99787897736286,1463.6111955748406,0.7609800915915398
CUST-68,4,Month-to-month,Fiber optic,65.95570703792713,646.1144546425305,0.86410769547951
CUST-69,12,Month-to-month,Fiber optic,109.4199382276189,694.8335264445868,0.8785102607260219
CUST-70,12,Month-to-month,DSL,51.54617592586107,885.990235429153,0.7114716769031578
CUST-71,7,Month-to-month,Fiber optic,86.21172839006725,1475.8441142006286,0.8168812397930683
CUST-72,12,Month-to-month,No,89.57035889907962,400.32185083185635,0.888254649800953
CUST-73,13,Month-to-month,Fiber optic,91.28273342444773,1037.859060272029,0.9024404584569864
CUST-74,8,Month-to-month,DSL,57.22325472734534,1088.1778056355,0.8850605717297181
CUST-75,3,Month-to-month,Fiber optic,106.31178700838782,930.6204043499456,0.7929633350646681
CUST-76,14,Month-to-month,DSL,60.870996743004966,178.43859247313392,0.7271208358433937
CUST-77,1,Two year,No,87.36520419439046,1031.464799949986,0.8238626094616068
CUST-78,4,Month-to-month,Fiber optic,63.3605647473851,142.93733100245444,0.737338786836736
CUST-79,2,Month-to-month,No,68.43298502127625,914.4068418473505,0.9748108609709935
CUST-80,8,Month-to-month,Fiber optic,82.78751250368747,1122.3927069715269,0.8377995511465621
CUST-81,4,Month-to-month,Fiber optic,75.03160511387459,355.9063413989281,0.7920051605634916
CUST-82,2,One year,Fiber optic,59.61353605859038,1270.3519109370225,0.922228180624481
CUST-83,14,Month-to-month,Fiber optic,60.2561841452509,94.01301802285619,0.8444050918488565
CUST-84,6,Month-to-month,Fiber optic,75.08868728976798,1273.5286523045438,0.7899098669636104
CUST-85,6,Month-to-month,Fiber optic,95.43697869653005,717.4771234320094,0.9354706452933325
CUST-86,10,Month-to-month,Fiber optic,103.87787881086732,365.50251290088454,0.9514741237903254
CUST-87,4,Month-to-month,DSL,55.04765973556297,243.9783102412536,0.8951723682237163
CUST-88,6,Month-to-month,DSL,73.58623445356406,1432.2953929944401,0.7136196824982235
CUST-89,13,Month-to-month,Fiber optic,56.014733823372595,155.36510199267724,0.8642336352482943
CUST-90,2,Month-to-month,Fiber optic,50.99554883795587,338.6854589070922,0.9213555244792117
CUST-91,10,Month-to-month,Fiber optic,89.7031209586374,554.3424037779166,0.7395858735042388
CUST-92,12,One year,Fiber optic,86.14696651799527,949.3405309936247,0.7663145179015349
CUST-93,2,One year,Fiber optic,59.78114682889317,839.9615736503426,0.9559235804697596
CUST-94,10,Month-to-month,Fiber optic,64.02876998558385,232.18306399785527,0.7058352993373914
CUST-95,14,Month-to-month,Fiber optic,51.4224652186711,470.1055764204112,0.918290869969533
CUST-96,4,Month-to-month,No,100.09683234166422,396.19006807473494,0.8373942548291826
CUST-97,14,Month-to-month,Fiber optic,108.4814357629131,359.637139010995,0.829563926063486
CUST-98,8,One year,Fiber optic,58.127572207681446,646.1592878959813,0.7020579944235172
CUST-99,14,Month-to-month,Fiber optic,63.888512825917886,1070.8456062579025,0.9376254869802829
CUST-100,7,Month-to-month,Fiber optic,102.10457143681604,365.3067517149921,0.8043492211846043
CUST-101,12,Month-to-month,Fiber optic,105.58782787737108,581.684375569323,0.8568220330771574
CUST-102,9,Month-to-month,Fiber optic,75.17764296840862,616.8302689196853,0.8964171990373412
CUST-103,14,Month-to-month,Fiber optic,53.03734833614445,1465.8619676813448,0.9037625771669956
CUST-104,8,Month-to-month,Fiber optic,52.36351002156916,1434.26621747465,0.9772342170595609
CUST-105,5,Month-to-month,No,84.43699196414063,1210.1994949905102,0.8540885864386166
CUST-106,13,Month-to-month,DSL,73.57370653359074,400.4054351878185,0.815918669782584
CUST-107,2,Month-to-month,Fiber optic,51.71914565465927,148.65410543292106,0.9765740516825953
CUST-108,5,Month-to-month,Fiber optic,84.99514353875341,509.5109996949059,0.8862119681574011
CUST-109,8,Month-to-month,Fiber optic,50.67815219534135,436.85209667905474,0.786463603320201
CUST-110,10,Month-to-month,Fiber optic,97.24231748895637,783.5924102122711,0.7366746311670356
CUST-111,9,Month-to-month,Fiber optic,68.38596936220229,1177.7054695983,0.9443408054249025
CUST-112,12,Month-to-month,Fiber optic,52.41548018055393,1294.568261374344,0.8050326648103039
CUST-113,12,Month-to-month,Fiber optic,85.3011332589892,1275.0529238452373,0.891536219195685
CUST-114,12,Month-to-month,Fiber optic,73.86106486598328,571.5295637734482,0.8365367616161105
CUST-115,13,Month-to-month,Fiber optic,108.42802480142898,1046.4897980179903,0.7576896361405611
CUST-116,9,One year,No,82.65191975022213,503.60958641011905,0.8744891164999349
CUST-117,13,Month-to-month,DSL,66.5143508622205,138.31303769101493,0.7175980899956979
CUST-118,13,Month-to-month,DSL,92.56633187803848,1067.2696351242664,0.8198693133626457
CUST-119,1,Month-to-month,Fiber optic,66.28952015256267,64.24995122619238,0.8585183325024646
CUST-120,9,Month-to-month,DSL,104.25459748445391,643.3147518148085,0.8264536224943879
CUST-121,7,Month-to-month,Fiber optic,72.48331823044259,527.5999404880098,0.9171149308227873
CUST-122,9,Month-to-month,DSL,82.99211376657232,1055.397430852336,0.9400982368181406
CUST-123,8,Month-to-month,Fiber optic,53.03438622945373,1161.0559355025493,0.9236604914696216
CUST-124,1,Month-to-month,DSL,75.56727427713385,490.9372221583616,0.7112557548654226
CUST-125,12,Month-to-month,Fiber optic,99.9418123796597,1226.8591709450377,0.7562973434293319
CUST-126,8,Month-to-month,DSL,98.33892832180052,476.17930273215393,0.8556161776864946
CUST-127,8,Month-to-month,DSL,63.45911353121158,697.1732219805137,0.9710983917287024
CUST-128,11,Month-to-month,Fiber optic,63.56474426063376,1104.1768641704941,0.9421374647651138
CUST-129,3,Month-to-month,Fiber optic,99.03831873279421,1054.7343323759435,0.9443350074220225
CUST-130,1,Month-to-month,No,105.82390521015952,1481.68428485269,0.7879303761903057
CUST-131,8,Month-to-month,Fiber optic,55.72165527638021,376.4834851131012,0.8245398901528237
CUST-132,3,Month-to-month,DSL,77.00351836557351,1010.3609746323945,0.8365047247216219
CUST-133,3,Month-to-month,Fiber optic,70.24725673785373,934.0387669998772,0.745637759171474
CUST-134,1,Month-to-month,Fiber optic,102.24130732744636,1376.8927590105434,0.7090097577708923
CUST-135,11,Month-to-month,Fiber optic,55.01149488080112,276.72510538506884,0.9746018408435498
CUST-136,5,Month-to-month,Fiber optic,62.66755655348224,1140.1073372010528,0.7698066498424169
CUST-137,10,Month-to-month,DSL,95.14810025518966,873.9894935897141,0.769585182079853
CUST-138,7,Month-to-month,Fiber optic,53.077630938872936,448.26551119246284,0.7241799255929402
CUST-139,10,Month-to-month,Fiber optic,79.55212284285736,737.9306255134024,0.9692672480636958
CUST-140,9,Month-to-month,Fiber optic,76.5264220807832,533.9760657512068,0.8681237633325338
CUST-141,12,One year,Fiber optic,70.06407073932492,890.0044340432682,0.8934406885663526
CUST-142,7,Month-to-month,DSL,73.67433891913542,1339.0508856812655,0.9643572973062852
CUST-143,9,Two year,No,81.79643521581397,875.4922273976929,0.800229848981229
CUST-144,8,Month-to-month,Fiber optic,59.68204150330299,965.9975065735468,0.8802371202300444
CUST-145,12,Month-to-month,DSL,84.31975269701556,802.1843783163287,0.7112518418713774
CUST-146,2,Month-to-month,DSL,98.32593975799918,124.18998434594006,0.7541640331870275
CUST-147,1,One year,Fiber optic,95.60965578740954,387.64490747033665,0.9410612834760833
CUST-148,7,Month-to-month,No,59.23399428162642,763.40250767652,0.9223628233381174
CUST-149,7,Month-to-month,Fiber optic,58.954968184488436,499.8411614298219,0.8016863805225726
CUST-150,14,Month-to-month,Fiber optic,66.0904620646948,313.5572167537316,0.8092750820545216
CUST-151,8,Month-to-month,DSL,71.66448358046223,780.9926207817356,0.8547307857305381
CUST-152,5,Month-to-month,Fiber optic,74.50733488450895,518.074200499383,0.700069891358689
CUST-153,3,Month-to-month,DSL,90.78183301000071,424.25608260145134,0.769960857451028
CUST-154,12,Month-to-month,DSL,53.40082592995012,722.7788552885521,0.7603872244963822
CUST-155,8,Month-to-month,Fiber optic,52.08036225356398,243.26217421915106,0.7726400545574313
CUST-156,6,Two year,DSL,73.51463377663454,1395.2313129593406,0.933712694334698
CUST-157,11,One year,Fiber optic,91.82982152827883,1308.1680419828965,0.7811054183984685
CUST-158,3,Month-to-month,Fiber optic,61.60612057738896,1076.0498493237762,0.7555411833945429
CUST-159,1,Month-to-month,Fiber optic,88.49026887537511,204.0100500032615,0.8462364036299791
CUST-160,3,One year,DSL,65.58968827641797,1175.0220189810548,0.9510370605480922
CUST-161,5,Month-to-month,Fiber optic,103.16516652881099,1221.5381257580775,0.769991414112875
CUST-162,14,Month-to-month,Fiber optic,103.741396655997,1163.2586956857897,0.7227755104099116
CUST-163,3,One year,Fiber optic,67.83723225687959,215.25053632289968,0.8033573733964028
CUST-164,1,Month-to-month,DSL,63.79962523779443,983.6665377482589,0.9168190291238435
CUST-165,5,Month-to-month,Fiber optic,74.67823832397387,1259.770953836628,0.8597002579614904
CUST-166,10,Month-to-month,Fiber optic,64.43189511080892,887.1624317685182,0.9368700771765608
CUST-167,7,One year,Fiber optic,90.34303059750222,987.290694080729,0.9782817228066778
CUST-168,14,Two year,Fiber optic,99.56388107289713,714.6270451681439,0.9298721182579689
CUST-169,7,One year,DSL,90.38552785467301,816.6256138318763,0.8751028928646885
CUST-170,11,Month-to-month,Fiber optic,99.46102683496096,99.84644461000156,0.8430690605351903
CUST-171,9,One year,Fiber optic,73.81952973244844,976.4963818612626,0.7116200350409972
CUST-172,10,Month-to-month,No,59.37901824253165,168.09845869218083,0.985453373856072
CUST-173,10,Month-to-month,Fiber optic,94.27705684385553,680.7711617933239,0.8112095255467623
CUST-174,12,Month-to-month,No,71.62847030849323,474.3498916177413,0.7441461820358913
CUST-175,13,Month-to-month,Fiber optic,90.27624951374796,840.870527806984,0.8933455680649725
CUST-176,3,Month-to-month,DSL,66.23863651890593,243.45368650865026,0.7824436038376832
CUST-177,7,Month-to-month,Fiber optic,54.87377808840036,1052.8829328613115,0.8698756985700038
CUST-178,1,Month-to-month,Fiber optic,109.5549077292658,1202.7667285462821,0.8701626932749315
CUST-179,4,Month-to-month,DSL,59.372090475835954,286.8639521275769,0.829261648061832
CUST-180,13,Month-to-month,DSL,109.30525963780886,201.25397666022914,0.9424743985080624
CUST-181,4,Month-to-month,DSL,108.63679595398683,260.9974500416708,0.7768404478510784
CUST-182,14,Month-to-month,Fiber optic,97.62908623448237,1321.8349647528275,0.8301034515691429
CUST-183,5,Month-to-month,DSL,89.56537772491986,815.8744295467164,0.8559307172913817
CUST-184,7,Month-to-month,DSL,84.66842301506509,727.5284442108788,0.8924511690225169
CUST-185,7,Month-to-month,Fiber optic,101.96609272267008,204.7321376984137,0.9273518366466209
CUST-186,13,Month-to-month,DSL,67.36637129716928,991.8562097975946,0.8144941120346942
CUST-187,11,Month-to-month,DSL,78.06087274909262,1308.5994082478803,0.8873536137880128
CUST-188,13,Month-to-month,Fiber optic,87.16339816199012,1250.8695105190068,0.7436771763898705
CUST-189,4,One year,Fiber optic,74.67142855216946,957.7793280221618,0.9704679491573188
CUST-190,13,Month-to-month,Fiber optic,75.64918724541607,159.15413914492677,0.811087053862091
CUST-191,7,Month-to-month,Fiber optic,69.81708005012507,212.9756894052188,0.9115612123731671
CUST-192,11,Month-to-month,Fiber optic,83.85390900107217,121.49803130924577,0.7058989137458315
CUST-193,3,One year,Fiber optic,101.03447168090696,423.34486391408046,0.759504271442394
CUST-194,6,Month-to-month,Fiber optic,62.09170268037877,246.70912738254773,0.8412539378538376
CUST-195,12,One year,Fiber optic,106.06598232520649,427.06965836602916,0.9546932156423805
CUST-196,2,Month-to-month,Fiber optic,91.34525922489378,608.3341807924944,0.8529039934856963
CUST-197,10,One year,DSL,99.39639276080182,1417.3250369031466,0.9696624398652249
CUST-198,13,Month-to-month,DSL,83.3714415578007,935.0452866834535,0.8403011000090109
CUST-199,14,Two year,Fiber optic,96.77100208544381,1260.7119892402955,0.8422302380534255
CUST-200,9,Month-to-month,No,50.97202384036803,1080.0096760328818,0.7347265686651542
CUST-201,5,Month-to-month,Fiber optic,99.10282548677212,213.12953926361604,0.9327703108041437
CUST-202,6,Month-to-month,Fiber optic,52.40833154512199,1117.0845892422258,0.7716199696154481
CUST-203,12,Month-to-month,Fiber optic,103.39480258177176,448.8933782607304,0.9608876219179714
CUST-204,12,Month-to-month,Fiber optic,109.5177648343186,976.7063781423242,0.9641390238958149
CUST-205,12,One year,DSL,67.64404773060667,544.3948617823334,0.9735599324435034
CUST-206,12,Two year,DSL,62.61911337714762,1496.6247817337558,0.850866841839896
CUST-207,4,Month-to-month,Fiber optic,95.92180183148244,432.1496452703278,0.8963571975872568
CUST-208,14,Month-to-month,Fiber optic,65.1815804552152,454.73918262269103,0.9257696052178824
CUST-209,14,Month-to-month,Fiber optic,101.9337429903322,1399.4747705654775,0.737994239408635
CUST-210,11,Month-to-month,Fiber optic,56.170555529448606,85.73438672266788,0.8742775865492741
CUST-211,10,Month-to-month,Fiber optic,57.557311782761495,1060.1990324161354,0.7099463913779603
CUST-212,7,Month-to-month,Fiber optic,108.74909330603694,1101.7232665670233,0.8442941641827305
CUST-213,12,Month-to-month,DSL,90.43033389620028,1262.748937245079,0.744904377669866
CUST-214,9,Month-to-month,DSL,100.81323346573717,1462.9370004257892,0.7530476485290045
CUST-215,7,Month-to-month,Fiber optic,69.45976264109107,1464.622782777146,0.8058637943408544
CUST-216,14,Month-to-month,DSL,90.58902497123627,144.65129847137266,0.8254067783477859
CUST-217,1,Month-to-month,Fiber optic,85.65450963851583,1241.6670179917087,0.8807200031143343
CUST-218,1,Month-to-month,Fiber optic,86.18900720737682,987.1494038032029,0.7215842413471695
CUST-219,9,Two year,Fiber optic,90.9519475722633,988.6460948409822,0.8460706107588589
CUST-220,11,Month-to-month,Fiber optic,84.52155038774592,236.10739359130747,0.7529612877733993
CUST-221,14,Month-to-month,No,75.74374215815996,992.7713913461973,0.8664528007592052
CUST-222,9,Month-to-month,Fiber optic,66.55536166283281,1474.5997418718093,0.8848473375557432
CUST-223,4,Month-to-month,Fiber optic,96.11487985479212,1372.1369258321981,0.8614456844003276
CUST-224,13,One year,Fiber optic,63.57634580019117,686.7394581670333,0.9141056980387092
CUST-225,9,Month-to-month,Fiber optic,91.54125836926485,107.9245612648368,0.7973266808298614
CUST-226,3,Month-to-month,DSL,63.999969358959596,575.325560500297,0.921880911573608
CUST-227,7,Month-to-month,Fiber optic,87.51981019726723,1248.265951820805,0.8255024536953761
CUST-228,6,One year,Fiber optic,94.82469602774174,1067.1736971244907,0.840413504513553
CUST-229,8,One year,Fiber optic,63.122833334392354,716.0483006112368,0.8879496169057107
CUST-230,11,Month-to-month,Fiber optic,53.5965980516785,129.89722598030508,0.7053239313597749
CUST-231,9,Month-to-month,Fiber optic,57.858424579650446,668.9973553437889,0.889658324211872
CUST-232,14,Month-to-month,Fiber optic,86.35981803626153,730.086162590931,0.8793896932309134
CUST-233,5,Two year,Fiber optic,100.96678437354413,1396.4055226964972,0.7898556638584512
CUST-234,1,Month-to-month,DSL,52.699809274125464,979.5748501941312,0.7248803426208519
CUST-235,3,One year,DSL,94.04907554249877,501.8967291492409,0.7263712804747819
CUST-236,10,Month-to-month,DSL,70.47911875700312,811.711483453546,0.9677348866257163
CUST-237,12,Month-to-month,Fiber optic,78.71170219517136,145.78019634213211,0.8998910031554928
CUST-238,8,Month-to-month,Fiber optic,105.73157299073394,1460.2239416921184,0.7368597579935147
CUST-239,11,Month-to-month,Fiber optic,69.91829028415073,572.0868577995527,0.8034497190995828
CUST-240,6,Month-to-month,DSL,77.92021603636917,742.9076646240469,0.871820068231463
CUST-241,8,Month-to-month,Fiber optic,50.82094488564087,565.1617626435377,0.9423157944762881
CUST-242,9,Month-to-month,Fiber optic,54.895923200290305,1039.6420086684902,0.7126616693267724
CUST-243,4,Month-to-month,Fiber optic,65.51549546808704,1010.2366295779099,0.7686236081263025
CUST-244,1,Month-to-month,Fiber optic,51.671134449264464,1087.2173502672467,0.9580272071856601
CUST-245,14,Month-to-month,Fiber optic,87.88251956289506,438.8076829372852,0.7026580095533067
CUST-246,1,Two year,Fiber optic,75.58390140809735,507.7192976878957,0.7584057398102273
CUST-247,10,One year,DSL,82.88871216368132,231.61428508950152,0.9781170110321601
CUST-248,4,One year,Fiber optic,60.47883115377977,1000.4894591768633,0.8778865354914296
CUST-249,12,Two year,Fiber optic,67.75592176619696,107.7058346366962,0.7758846963248769
CUST-250,14,Month-to-month,Fiber optic,89.82946849116351,916.6393865090156,0.7194274173747958
CUST-251,7,Month-to-month,Fiber optic,107.91816341782399,1311.0590330348691,0.7081754887296944
CUST-252,2,Month-to-month,Fiber optic,53.025006416132555,1341.7066150199687,0.7709760730947088
CUST-253,3,Month-to-month,DSL,103.42305925131596,701.1047525364444,0.9556308876807841
CUST-254,1,Month-to-month,Fiber optic,84.61287207867251,715.990347908957,0.8206149597462777
CUST-255,5,Month-to-month,DSL,83.83517400533742,161.60531536162517,0.9088966770581379
CUST-256,1,Month-to-month,Fiber optic,80.01671211246563,1022.6092868924018,0.9663026602601877
CUST-257,8,Month-to-month,Fiber optic,54.163645154251,1240.826159540626,0.8183317338648168
CUST-258,1,Month-to-month,DSL,55.39261110416964,404.7498291768339,0.7554704376008451
CUST-259,11,Month-to-month,Fiber optic,86.05472033954517,660.8862783683787,0.8499641999485066
CUST-260,1,Month-to-month,Fiber optic,70.4575142861335,1266.317038309642,0.9633442692473577
CUST-261,2,Month-to-month,Fiber optic,105.03608399466084,1321.8246781103176,0.9332685800999332
CUST-262,2,One year,Fiber optic,74.39543224156833,402.6109713831276,0.7190906545753145
CUST-263,12,Month-to-month,DSL,58.59688752215847,848.3274200849781,0.9008461120224988
CUST-264,6,Month-to-month,Fiber optic,92.88313001012216,329.1150684219492,0.8658502815130966
CUST-265,7,One year,DSL,67.60120528646058,197.724208002357,0.9631643211404634
CUST-266,5,Two year,DSL,81.52821844135359,1371.1247270183385,0.7355196108865861
CUST-267,1,One year,Fiber optic,91.8699671303102,1239.7358811365582,0.8548704728293504
CUST-268,1,Month-to-month,DSL,104.01584667212423,1152.050607614602,0.9550441811184488
CUST-269,3,Month-to-month,Fiber optic,97.53147168810057,120.71116227905361,0.8189068981551054
CUST-270,14,Month-to-month,No,90.58166407236345,1273.4067494298733,0.8397785261425315
CUST-271,2,Month-to-month,Fiber optic,90.77799094370862,685.1639100628064,0.7204335965234179
CUST-272,5,Month-to-month,Fiber optic,106.7554786419252,546.4729287789964,0.7806616557301841
CUST-273,12,Month-to-month,Fiber optic,67.74944584979217,842.3907234867959,0.7941069282589946
CUST-274,10,Month-to-month,Fiber optic,50.06672565177124,182.46220194915594,0.9740855101360172
CUST-275,6,Month-to-month,Fiber optic,66.31727356389192,1147.1374965609782,0.7819735345569361
CUST-276,7,Month-to-month,DSL,63.07348277760464,894.530861488029,0.8336519332281991
CUST-277,4,Month-to-month,Fiber optic,89.7100751068399,320.5556404660929,0.8946782828336411
CUST-278,7,Month-to-month,Fiber optic,88.02269598593175,322.9366896651161,0.7470331779982844
CUST-279,11,Month-to-month,DSL,85.60768296228343,317.1605447803776,0.8410682922711435
CUST-280,8,Month-to-month,Fiber optic,50.97460659256722,132.6534619503043,0.9141763214480132
CUST-281,11,One year,No,93.72668326703885,902.307751588943,0.9513880117778492
CUST-282,1,Month-to-month,DSL,69.4118247491295,1268.5048575033368,0.8816151896521037
CUST-283,6,Month-to-month,No,89.90335934039787,75.37241028171347,0.8940255194419149
CUST-284,8,Month-to-month,DSL,83.3947057101292,121.05673520834664,0.736622207049525
CUST-285,5,Month-to-month,Fiber optic,70.56385552567443,880.5169011960714,0.9742751842014407
CUST-286,4,Month-to-month,Fiber optic,58.07457602624646,1238.268743809776,0.7384464824704998
CUST-287,2,Month-to-month,DSL,55.66513385962886,523.7713913245187,0.9246551517827215
CUST-288,6,Month-to-month,Fiber optic,99.89109998673341,556.9408782711971,0.7767967333157124
CUST-289,6,Month-to-month,Fiber optic,105.10385252489348,914.702421370325,0.9707420116733629
CUST-290,11,One year,Fiber optic,88.98728280585797,447.6086892300131,0.908788266417149
CUST-291,1,Month-to-month,No,56.206046891629,88.58213081264199,0.918605976763727
CUST-292,9,Month-to-month,Fiber optic,74.12163301329444,1116.0813512473144,0.7635271601873661
CUST-293,12,One year,Fiber optic,93.73635200630943,957.192373765107,0.8284815932241966
CUST-294,11,One year,Fiber optic,96.78925304060408,892.0961986307057,0.879165826430893
CUST-295,6,Month-to-month,Fiber optic,57.093117337465316,1125.4419870381435,0.9232923492799142
CUST-296,13,Month-to-month,Fiber optic,50.001843130722946,1029.0847144649545,0.7301482190145929
CUST-297,3,Month-to-month,Fiber optic,92.7282227528363,348.5288828585657,0.9790859417718132
CUST-298,4,Month-to-month,Fiber optic,71.39577055917233,561.0975180678591,0.9581639944608212
CUST-299,12,Month-to-month,DSL,65.26887989709562,232.85970543400626,0.7784010912437195
CUST-300,11,Month-to-month,Fiber optic,50.77384818737153,238.2926694559275,0.9386004704793762
CUST-301,4,Month-to-month,DSL,82.41796440568999,1030.483832216982,0.8503139376815487
CUST-302,3,One year,DSL,101.0690441255589,1294.9701551246224,0.8339238796529854
CUST-303,10,One year,Fiber optic,107.45789877635528,1445.9622465986515,0.7911858906853075
CUST-304,3,Month-to-month,Fiber optic,83.94469703679735,961.1033204466944,0.8684808901231618
CUST-305,3,Month-to-month,Fiber optic,80.86767966439365,316.94691887338763,0.9116678441340433
CUST-306,4,Month-to-month,DSL,55.10338312935447,203.19300090094953,0.8191705424391998
CUST-307,7,Month-to-month,Fiber optic,82.93236809255599,1228.6339087282988,0.8824735659724047
CUST-308,4,Month-to-month,Fiber optic,72.79874473792368,889.1968907219989,0.9028007471350381
CUST-309,9,Month-to-month,Fiber optic,86.42811685301461,946.5132804698937,0.9062253269344329
CUST-310,1,Month-to-month,Fiber optic,73.3235808725928,1183.1200286943283,0.7150701684580423
CUST-311,8,Month-to-month,Fiber optic,64.417947407022,1069.7519802120548,0.9493268636486694
CUST-312,7,Month-to-month,Fiber optic,55.69791651370259,1259.96446664134,0.8328934612818639
CUST-313,2,Month-to-month,DSL,68.89510667533375,131.5101629168238,0.7761006636919021
CUST-314,8,Month-to-month,Fiber optic,55.798690057265134,1133.904923282432,0.7701117071691076
CUST-315,1,Month-to-month,Fiber optic,60.613817049439035,1283.7364981170383,0.8400740927247456
CUST-316,11,Two year,Fiber optic,109.24016951477276,464.8958115645558,0.9571811464459982
CUST-317,12,Month-to-month,DSL,76.64621341439712,978.6485472902166,0.8097207986879675
CUST-318,9,Month-to-month,Fiber optic,81.912305990301,505.53499256360953,0.9174204665672275
CUST-319,9,Month-to-month,DSL,102.41711172423292,1439.0580463995584,0.7280774319862934
CUST-320,2,Month-to-month,Fiber optic,109.73413402944126,98.46418003148045,0.8380564436238079
CUST-321,7,Month-to-month,Fiber optic,84.9628669606809,890.6996235577848,0.9875889807138933
CUST-322,14,Month-to-month,Fiber optic,98.7484292626503,291.43014322179687,0.9234269628097777
CUST-323,10,Month-to-month,Fiber optic,69.61646146020051,1082.7192975068801,0.7610532616477778
CUST-324,3,Month-to-month,Fiber optic,68.34463744683747,305.04091095706,0.8454180273723941
CUST-325,7,Two year,Fiber optic,74.16222325967361,391.30572975261845,0.7677511814580843
CUST-326,12,Month-to-month,DSL,90.35043576041895,766.8376760163492,0.8187726689061277
CUST-327,10,Month-to-month,Fiber optic,90.93150135530593,1376.5106774954731,0.9262243668831398
CUST-328,9,One year,Fiber optic,68.91436607896705,356.98583961455773,0.923655196434217
CUST-329,4,Month-to-month,Fiber optic,57.99259544819772,259.1480306212501,0.7661491095916917
CUST-330,12,One year,Fiber optic,87.94377538793051,1150.5164061883445,0.9674447622649094
CUST-331,1,Month-to-month,Fiber optic,57.69955173132587,775.8983218842,0.8718447730017997
CUST-332,2,Month-to-month,Fiber optic,84.7095504937598,1372.0884129535684,0.8101780443789842
CUST-333,1,Month-to-month,Fiber optic,91.60532768337853,262.59110788177134,0.8455613184264495
CUST-334,14,Month-to-month,Fiber optic,92.0366897836671,986.595444883407,0.8754706634969457
CUST-335,12,Month-to-month,Fiber optic,95.2083266395758,387.6747619201318,0.8623682542352777
CUST-336,5,Month-to-month,Fiber optic,102.37156529393987,277.302621544877,0.8410574603054917
CUST-337,5,Month-to-month,Fiber optic,79.9975395178873,1040.9726519780422,0.846430513185926
CUST-338,11,Month-to-month,Fiber optic,93.81495137177427,910.8426988676632,0.7511594540240869
CUST-339,7,Month-to-month,No,87.1503641219502,1144.4998146253802,0.935692542248357
CUST-340,9,One year,Fiber optic,61.19839638786095,498.72073584696443,0.8571104927828944
CUST-341,9,Two year,Fiber optic,51.54137869216449,699.5589017541754,0.7380131598943639
CUST-342,3,Two year,Fiber optic,67.07248314061603,637.9339306791068,0.9221855594590056
CUST-343,3,Month-to-month,DSL,76.58202238025716,1476.9297227514455,0.9704087537294317
CUST-344,3,Month-to-month,DSL,87.02635666571938,473.76098727211246,0.974719000778719
CUST-345,4,Month-to-month,Fiber optic,100.99755983019233,477.484995602812,0.8070151423992401
CUST-346,8,Month-to-month,No,61.77474300236994,564.0949028014807,0.7392998933326186
CUST-347,6,Month-to-month,Fiber optic,57.53298739390863,868.6614178709661,0.8503358917235889
CUST-348,8,Month-to-month,Fiber optic,107.80879684845965,415.8679791824306,0.732656676511274
CUST-349,1,Month-to-month,DSL,56.482673562584424,1377.1704135499472,0.970856351368659
CUST-350,8,Month-to-month,DSL,78.70946420643135,435.2440690560821,0.7532380919329923
CUST-351,4,Month-to-month,Fiber optic,85.13382372759811,1348.9328107622823,0.7733020993858375
CUST-352,11,Month-to-month,Fiber optic,82.4824652544463,200.03884228754774,0.8179245927966414
CUST-353,1,Month-to-month,Fiber optic,55.161929421976595,1002.0159184794959,0.8111176958821464
CUST-354,8,Two year,Fiber optic,53.42161484021716,1365.1290017354534,0.9304522387953877
CUST-355,4,Month-to-month,DSL,56.32900564766214,294.6866856774328,0.832331877959779
CUST-356,6,Month-to-month,Fiber optic,85.13526103235675,1454.0740921439199,0.7495227954009677
CUST-357,8,Month-to-month,Fiber optic,82.66069325805927,706.680872602492,0.7774908696909615
CUST-358,4,Month-to-month,Fiber optic,64.02444752220465,1421.2869072394856,0.8476428817043814
CUST-359,14,Month-to-month,Fiber optic,88.2664485107355,1031.3890632635682,0.742761636053579
CUST-360,3,Month-to-month,Fiber optic,99.20405012333896,487.30096131664976,0.877380145937344
CUST-361,14,Month-to-month,Fiber optic,52.49473759079562,323.0386611298043,0.8640667188998323
CUST-362,9,Month-to-month,No,79.88779661288254,490.4158170263941,0.9072636717508548
CUST-363,3,Month-to-month,DSL,91.35862472616142,184.87524343087873,0.9719343384600166
CUST-364,9,Month-to-month,Fiber optic,65.13871562418123,258.60855119782815,0.9645538227193351
CUST-365,13,Two year,DSL,68.46625431758895,201.75763850239767,0.9743619292399611
CUST-366,2,Month-to-month,DSL,86.81827417936303,663.2681384252587,0.7709675231368732
CUST-367,14,Month-to-month,DSL,103.87611760662422,1203.5886455735003,0.7381539389254128
CUST-368,2,One year,Fiber optic,98.59546521817396,255.00615361369327,0.78766024314397
CUST-369,2,Month-to-month,Fiber optic,84.98781314597501,238.96462809988702,0.9595747001022312
CUST-370,6,Month-to-month,Fiber optic,93.81330306543495,982.9719768001296,0.9818955076408116
CUST-371,3,Month-to-month,Fiber optic,71.88934821246792,335.9153238536961,0.949204235810438
CUST-372,13,Month-to-month,Fiber optic,88.45793168592546,191.5345552580378,0.7319051391269876
CUST-373,9,Two year,Fiber optic,77.97089546765342,291.9304383980876,0.97475411943734
CUST-374,4,Month-to-month,Fiber optic,61.396168187453654,1389.4105240213253,0.8227738279317279
CUST-375,1,One year,DSL,92.10429643263544,1241.1333165254766,0.7026999843210825
CUST-376,4,Month-to-month,Fiber optic,83.38787824092933,563.3936154148864,0.8282941848169761
CUST-377,1,Month-to-month,Fiber optic,71.51729491721548,1000.9401126247195,0.7133600592058855
CUST-378,14,Month-to-month,No,104.68035140471784,829.0497268186552,0.8577245971367241
CUST-379,5,Month-to-month,DSL,51.256047069603994,1031.8301820497177,0.7981806679567448
CUST-380,4,Month-to-month,DSL,68.94638907496976,1039.873171071001,0.8372961307422742
CUST-381,8,One year,No,53.412883866658795,961.6643218369898,0.8778194046155039
CUST-382,8,Month-to-month,Fiber optic,95.99163897329763,435.8469843790975,0.9519523177871678
CUST-383,7,Two year,No,92.12644724682755,106.55931010608629,0.8919514571768593
CUST-384,3,Month-to-month,Fiber optic,69.88113312417902,710.5718338856577,0.8258741718586724
CUST-385,1,One year,Fiber optic,90.53977413242438,1341.9121328015206,0.9376340775644059
CUST-386,1,Month-to-month,Fiber optic,73.756233571757,875.7710248519351,0.9626188198962083
CUST-387,12,Month-to-month,Fiber optic,95.37522748534606,1256.9670104677664,0.7347303902653372
CUST-388,11,Month-to-month,Fiber optic,77.25101976420237,1487.8552972937807,0.8542605634903095
CUST-389,3,Month-to-month,Fiber optic,74.73678366989994,287.2434960005006,0.7825084683253087
CUST-390,6,Month-to-month,DSL,106.08379492929807,1053.0775767558744,0.7136477473843147
CUST-391,7,Month-to-month,Fiber optic,65.05274599344202,1027.7256818650358,0.8938785415830557
CUST-392,6,Month-to-month,Fiber optic,57.22684039979393,1470.9353986695037,0.9502035254631754
CUST-393,14,One year,DSL,85.07258679556749,1479.1210642315605,0.7472417697984443
CUST-394,14,Month-to-month,Fiber optic,108.15930873705074,1045.6839869999878,0.9355999607109311
CUST-395,6,Month-to-month,Fiber optic,72.6703528236312,403.2414483741817,0.947484762725713
CUST-396,6,Month-to-month,Fiber optic,53.72220581772689,1207.9059652893686,0.9651587283732802
CUST-397,13,Month-to-month,Fiber optic,70.35831603857405,205.19224460600526,0.7769326758349552
CUST-398,3,Month-to-month,Fiber optic,80.35589925917351,1182.0139910488615,0.9621463889050679
CUST-399,6,Month-to-month,DSL,59.71538039793282,1369.7843800098099,0.7929921988735653
CUST-400,8,Month-to-month,Fiber optic,89.48613308338952,605.1084224142311,0.8601780239020957
CUST-401,11,Month-to-month,Fiber optic,109.86496334061204,964.4211777254667,0.7146471665413617
CUST-402,11,Month-to-month,DSL,77.10436855888663,673.7069615403981,0.7127255156269356
CUST-403,2,Month-to-month,DSL,71.28371340381275,684.7593297327862,0.9089082316923388
CUST-404,5,Month-to-month,Fiber optic,74.042250010068,500.03778920677405,0.8288991936135593
CUST-405,14,Month-to-month,Fiber optic,56.908770703712065,1155.0879496529708,0.774324788857073
CUST-406,1,Month-to-month,Fiber optic,102.99641608557343,1407.4560180414326,0.7552199138472239
CUST-407,12,Month-to-month,Fiber optic,74.88953933128111,1414.0887458899685,0.8942865123491732
CUST-408,1,Month-to-month,Fiber optic,73.23646468549047,303.43286306865406,0.7001164477673485
CUST-409,5,Month-to-month,Fiber optic,89.58141637582845,1318.3782920020208,0.9337084390670877
CUST-410,12,Month-to-month,No,76.52200525586741,1119.275590069327,0.7229823857776794
CUST-411,13,Month-to-month,Fiber optic,88.89400812847076,416.6142310009194,0.7555319883233546
CUST-412,3,Month-to-month,Fiber optic,53.68677740784725,147.5626887361961,0.8120085546367359
CUST-413,4,Month-to-month,Fiber optic,98.82340062333364,438.59603698234804,0.84060903451767
CUST-414,3,Month-to-month,Fiber optic,106.43023717276415,1372.701943333212,0.8029485835860432
CUST-415,1,Month-to-month,Fiber optic,88.92592316956316,968.1090785988698,0.7930065278454452
CUST-416,1,One year,Fiber optic,107.27395573152864,1095.529258301914,0.9795356435012247
CUST-417,12,Month-to-month,DSL,59.0859388621978,422.870909108189,0.8860581075605843
CUST-418,12,Month-to-month,Fiber optic,78.64497136882122,1093.1128255834894,0.7067955570565425
CUST-419,14,Month-to-month,Fiber optic,86.10840403672684,90.77618410298945,0.8247510134488508
CUST-420,13,Month-to-month,Fiber optic,84.9041988452712,594.21595137087,0.9537525229257513
CUST-421,14,Month-to-month,Fiber optic,74.0877067453426,958.7923553863802,0.7874222940590937
CUST-422,5,Two year,Fiber optic,70.28506456197569,261.84002003491435,0.7274213399845726
CUST-423,6,Month-to-month,Fiber optic,57.609441353025126,1243.3551829480552,0.9199315837610761
CUST-424,3,Month-to-month,Fiber optic,73.50454703373669,390.79538327728204,0.8757440112614635
CUST-425,12,Month-to-month,Fiber optic,59.759648906329105,995.807613586747,0.8653906272696861
CUST-426,9,Month-to-month,DSL,94.06194058953311,637.535856734228,0.7155372022861483
CUST-427,5,Month-to-month,No,62.5298561296754,914.2632134425884,0.7407447128407
CUST-428,8,Month-to-month,DSL,53.51391831707203,205.80330131191678,0.880539324901803
CUST-429,13,Month-to-month,DSL,83.14196826903405,74.52355988633062,0.7602689140230624
CUST-430,1,Month-to-month,Fiber optic,85.71378396316409,1368.8684197014368,0.846180323127043
CUST-431,14,Month-to-month,No,102.31478367683033,440.963512712415,0.8580156889485241
CUST-432,5,Month-to-month,Fiber optic,84.61889674506091,1238.5316540316658,0.7822170851785724
CUST-433,3,Month-to-month,No,70.72885122340675,1499.0579356846904,0.9750432951070329
CUST-434,12,Month-to-month,No,98.18071289157923,356.57532409842116,0.9443145909823167
CUST-435,1,Month-to-month,DSL,82.41673359124526,434.4975747158656,0.9094883172135115
CUST-436,4,Month-to-month,No,54.7568170778715,1011.1466920702652,0.7226182212587285
CUST-437,13,Month-to-month,Fiber optic,83.9510336187948,1449.9005201709008,0.7307777055996156
CUST-438,5,Month-to-month,Fiber optic,104.48111272529974,1377.9308048765786,0.8429065903008371
CUST-439,7,Month-to-month,Fiber optic,73.77875752989323,779.1695040950981,0.7466068712653858
CUST-440,1,Month-to-month,Fiber optic,67.779548113988,1202.9099096637508,0.9836969844235475
CUST-441,3,Month-to-month,Fiber optic,58.608167421081205,246.83148699485653,0.7459708678679488
CUST-442,2,Month-to-month,Fiber optic,59.08673131612144,1467.2853670958177,0.8413656722845524
CUST-443,9,Month-to-month,No,75.96628906050913,1448.3121893521804,0.8055951064840365
CUST-444,10,Month-to-month,Fiber optic,85.74078944969177,287.40698892479793,0.8854220622216884
CUST-445,6,Month-to-month,DSL,54.8369243101761,484.1635309645046,0.7374205585779332
CUST-446,10,One year,DSL,106.37411534150995,195.22474638481205,0.8247917641322934
CUST-447,3,Month-to-month,DSL,95.30801704671175,443.9905184023606,0.7796644595140716
CUST-448,8,Month-to-month,No,85.19743509701976,1233.1358946520497,0.9574479421547896
CUST-449,14,Month-to-month,Fiber optic,99.70632025633945,598.5576303896262,0.7117698565190616
CUST-450,8,One year,No,54.8112054087268,178.17560236279965,0.9649809732618732
CUST-451,2,Month-to-month,DSL,78.61033266398746,546.2270109294116,0.9415683001803701
CUST-452,6,Month-to-month,Fiber optic,87.8055876116998,1473.005834649856,0.7862955077678364
CUST-453,7,Month-to-month,Fiber optic,99.71917436709735,963.0412131258443,0.9288942898563604
CUST-454,2,Month-to-month,DSL,97.00817360295606,653.4333722889287,0.7090519324982367
CUST-455,11,Month-to-month,Fiber optic,66.62415498280397,291.48084457104153,0.9803910095850842
CUST-456,10,One year,Fiber optic,106.45281017355225,1479.9563560613574,0.8527125333510389
CUST-457,2,Month-to-month,Fiber optic,57.46075048585222,1240.2310634315368,0.7879514975589791
CUST-458,10,Month-to-month,Fiber optic,102.50801711726913,458.1420885538331,0.8051491316524563
CUST-459,1,Month-to-month,Fiber optic,108.25641497627711,151.59960879572472,0.7192575525035442
CUST-460,8,Month-to-month,DSL,60.62921139335754,132.10705819745914,0.9869113590721914
CUST-461,1,Month-to-month,Fiber optic,93.32396385222711,224.54831678302406,0.7113946640937008
CUST-462,9,Month-to-month,Fiber optic,52.417131126679905,892.1144462409113,0.889923065712879
CUST-463,11,Month-to-month,Fiber optic,74.3253695083493,1396.7069607479639,0.8283934190348728
CUST-464,6,Month-to-month,Fiber optic,80.97699795186044,770.2779706086775,0.9751857032747273
CUST-465,7,Month-to-month,DSL,84.83871355457805,1272.2709495614858,0.7713399246889706
CUST-466,13,Month-to-month,Fiber optic,106.15623489491357,696.5355987967214,0.8543051789420233
CUST-467,10,One year,Fiber optic,90.33504123765168,1077.4461413633467,0.8398833004889983
CUST-468,7,Month-to-month,Fiber optic,78.87667707315423,1111.215469065426,0.9038312687745294
CUST-469,10,Two year,Fiber optic,98.58050217595336,302.24737355984104,0.7197229672662019
CUST-470,3,Month-to-month,DSL,107.03196925726454,573.763285514927,0.7561988477067728
CUST-471,2,Month-to-month,DSL,51.32396892093745,974.0881269801347,0.7622237978269264
CUST-472,9,Month-to-month,Fiber optic,108.95127633536232,152.51008186733097,0.91406371890409
CUST-473,8,Month-to-month,Fiber optic,55.16792834382082,574.233272256287,0.7548502219347546
CUST-474,13,Month-to-month,Fiber optic,98.86320675612568,825.459226107729,0.8663126115283832
CUST-475,12,Month-to-month,Fiber optic,66.82008515308475,1494.525514914726,0.7624207079452765
CUST-476,10,Month-to-month,Fiber optic,57.930779465232305,738.073665802539,0.9498712355243537
CUST-477,7,Month-to-month,Fiber optic,76.3913383828301,1233.2822978157692,0.9732337818019952
CUST-478,9,Two year,Fiber optic,88.63739476685681,676.4975633465957,0.8503629627332497
CUST-479,4,Two year,Fiber optic,72.8571107014085,1204.766547798578,0.8021695764206617
CUST-480,13,Month-to-month,DSL,53.27392449696194,913.3514623491571,0.7678767547550747
CUST-481,4,Month-to-month,No,85.96766837952299,1335.5633901784777,0.7144364904416827
CUST-482,1,Month-to-month,Fiber optic,104.14419656664049,645.8667009076594,0.7778650220972736
CUST-483,8,Month-to-month,DSL,72.9929219568351,926.2414087411444,0.8897283761841421
CUST-484,14,Month-to-month,Fiber optic,62.97996665784962,963.5270868972997,0.8547489100796711
CUST-485,14,Month-to-month,Fiber optic,76.55464075596892,655.2052656106863,0.9737719707014689
CUST-486,12,Month-to-month,DSL,52.90176266292685,259.2524633468482,0.8149204061225931
CUST-487,3,One year,DSL,99.22925506881649,185.66114002288654,0.9012203692752344
CUST-488,7,Month-to-month,No,99.5804486570112,74.173748369468,0.8419035967677851
CUST-489,12,Month-to-month,Fiber optic,85.2800278057777,1316.6246831555611,0.8486471026180213
CUST-490,2,Month-to-month,Fiber optic,71.18617333630337,392.8886227461071,0.777654551235194
CUST-491,2,Month-to-month,DSL,97.98700186674701,356.6847864585637,0.8319357252841799
CUST-492,7,Month-to-month,Fiber optic,83.28122148730203,1117.251330617795,0.836527649133685
CUST-493,6,Two year,Fiber optic,99.55593851300097,514.0233639767181,0.9049263313071908
CUST-494,3,Month-to-month,Fiber optic,87.88752755498123,783.7648039971631,0.972785599763973
CUST-495,9,One year,Fiber optic,97.06432839276783,285.6410446813116,0.7955031704699262
CUST-496,10,Month-to-month,Fiber optic,85.9137795930656,1441.6312961198555,0.7122381358885765
CUST-497,14,Month-to-month,Fiber optic,74.84846409293998,1284.793030024994,0.8439255863951854
CUST-498,13,Month-to-month,DSL,107.47675159556826,1302.4949532992548,0.8578937863232589
CUST-499,6,Month-to-month,Fiber optic,82.46682949273068,639.8219354294075,0.7488477598282554
CUST-500,10,One year,Fiber optic,86.3053711124323,1155.4237598754005,0.9205347358200593
CUST-501,10,One year,Fiber optic,63.229258364884956,258.62042531518125,0.9856294414480326
CUST-502,6,Month-to-month,Fiber optic,87.53904736563659,62.4975537580814,0.9742746679324537
CUST-503,1,Month-to-month,Fiber optic,84.29645896897664,78.96075223814078,0.7571607512588591
CUST-504,4,Month-to-month,Fiber optic,61.090303876821494,900.5725192366126,0.9538553395712206
CUST-505,10,One year,DSL,53.575225841188626,710.3226126095142,0.9043031545593886
CUST-506,6,Month-to-month,Fiber optic,86.26155918288626,801.1222559173536,0.8316155035040044
CUST-507,6,Month-to-month,No,95.82153616101922,60.82155360496814,0.8567771883541714
CUST-508,11,Month-to-month,Fiber optic,81.40408225532049,662.8955985032673,0.9463840507449128
CUST-509,12,Month-to-month,Fiber optic,63.606357519178744,1091.198833741248,0.8392391324951282
CUST-510,5,Month-to-month,Fiber optic,89.9913186015821,691.905867852782,0.8082301370404867
CUST-511,1,Month-to-month,Fiber optic,54.806343596576134,1111.7178491527222,0.8430417729775359
CUST-512,8,One year,DSL,76.51002228811727,387.8774983754104,0.8679476431701643
CUST-513,5,Month-to-month,Fiber optic,59.802005503905214,1229.0559064985018,0.7548325195957212
CUST-514,12,Month-to-month,Fiber optic,61.067543063593,903.2252986575058,0.9612632417774273
CUST-515,12,Two year,DSL,62.13763694949222,355.606494173364,0.895514215160588
CUST-516,12,Month-to-month,DSL,73.20242342263867,393.24468998805776,0.8836479860278718
CUST-517,5,One year,DSL,53.06901233722386,960.6441736258287,0.728853905592385
CUST-518,7,Month-to-month,Fiber optic,73.86760645574589,1253.4124101580428,0.8752104420700516
CUST-519,4,Month-to-month,DSL,80.70244682688205,652.660283942275,0.7350785920491627
CUST-520,6,One year,Fiber optic,78.99765709797951,424.5356222350087,0.7228223258066657
CUST-521,13,Month-to-month,Fiber optic,72.96704602418244,1307.1668300203705,0.852920159736294
CUST-522,4,Month-to-month,Fiber optic,100.34879648424514,1020.4390230387106,0.8168078048734835
CUST-523,14,Month-to-month,Fiber optic,58.71960154523025,699.7239565604609,0.8707549783453047
CUST-524,3,Month-to-month,Fiber optic,80.34180462688244,757.4552831549877,0.7258744287365991
CUST-525,7,Month-to-month,Fiber optic,53.72248501739326,346.1718785077748,0.8249850882257049
CUST-526,8,Month-to-month,DSL,54.269340732674586,958.8638135940237,0.7506881473630957
CUST-527,4,Two year,Fiber optic,84.43195098062577,570.1766402871885,0.9862590249179938
CUST-528,13,Month-to-month,Fiber optic,83.96110549326926,1493.6855061778065,0.8627335616062005
CUST-529,2,Month-to-month,Fiber optic,102.68201077066742,746.2660971297374,0.8993566896728515
CUST-530,12,Month-to-month,DSL,83.47242053960439,754.5341289749391,0.7943713013979562
CUST-531,10,Month-to-month,Fiber optic,107.58746122429102,870.4850917454743,0.7274742852860098
CUST-532,14,Month-to-month,Fiber optic,52.92169090399579,1379.2962045221827,0.9830025502072256
CUST-533,3,Two year,DSL,55.88046108684446,1211.186244796638,0.7830151202611231
CUST-534,1,Month-to-month,DSL,52.643951694222885,704.13860120687,0.8229043737003365
CUST-535,8,Month-to-month,Fiber optic,61.1166110200124,1092.1139356605543,0.8884605372937467
CUST-536,3,Month-to-month,Fiber optic,82.47620665650068,900.0414732321044,0.7071622163289722
CUST-537,12,Month-to-month,DSL,88.73433088564568,763.9322206168109,0.9349751478500132
CUST-538,10,Month-to-month,Fiber optic,52.73510947692013,328.85787053730826,0.8556076751082998
CUST-539,7,Month-to-month,Fiber optic,106.75825339073596,722.7075820095919,0.7806829842499584
CUST-540,10,Month-to-month,DSL,100.52992259902287,406.43695118273325,0.7178663157348161
CUST-541,5,Month-to-month,Fiber optic,67.79674892942559,1376.5211172848992,0.747124540487588
CUST-542,10,Month-to-month,Fiber optic,54.63125181358808,536.339879569703,0.9595598190674967
CUST-543,5,Month-to-month,Fiber optic,60.19322439314344,1430.7828210733899,0.8989470249414083
CUST-544,14,Month-to-month,Fiber optic,57.61666482529836,822.9301706373312,0.772471499274698
CUST-545,7,Month-to-month,Fiber optic,57.397026757936814,965.7393490804325,0.7190242218340586
CUST-546,9,Month-to-month,DSL,81.11370131994404,837.2636445095253,0.9002784405921245
CUST-547,12,Month-to-month,Fiber optic,64.75084654960402,237.60189460171628,0.8659982405306519
CUST-548,5,Month-to-month,Fiber optic,71.48838299174867,594.9407675615143,0.8173106620928882
CUST-549,1,Month-to-month,Fiber optic,109.37032000305935,193.7618628025547,0.8054473202651184
CUST-550,10,Month-to-month,Fiber optic,91.05885493552069,953.2833640659035,0.7628761400194414
CUST-551,10,Month-to-month,No,106.93884002282007,697.9675830406364,0.8941872643958801
CUST-552,1,Month-to-month,Fiber optic,58.55339330198694,1178.0782087778584,0.9814937280602224
CUST-553,2,Month-to-month,Fiber optic,72.92836848995415,369.68219744908623,0.7509574212926795
CUST-554,14,One year,Fiber optic,83.28390819694125,288.62078472253563,0.873163819804496
CUST-555,6,Month-to-month,Fiber optic,54.60548371332428,639.1817348974633,0.8230136661663331
CUST-556,9,Month-to-month,Fiber optic,50.251246617677474,1393.5488056666527,0.8295397293059528
CUST-557,8,Month-to-month,DSL,90.22606002781505,1080.111631767997,0.7737027112370661
CUST-558,13,Month-to-month,No,88.50917100808613,657.4392559497321,0.9392891139418115
CUST-559,5,Month-to-month,Fiber optic,74.6473285999767,800.0446461437504,0.8407241252026999
CUST-560,1,One year,Fiber optic,79.37864456192196,172.10886620679258,0.8575876971374966
CUST-561,13,Month-to-month,DSL,74.92658003552538,1477.635049745364,0.7883806647112245
CUST-562,7,Month-to-month,DSL,51.44030269069333,1016.2905918076325,0.7527244550434153
CUST-563,5,Month-to-month,Fiber optic,70.12229637304775,463.8358992719626,0.7249140125788179
CUST-564,6,One year,Fiber optic,60.62493532383739,899.4221716121043,0.9070945508682255
CUST-565,13,Month-to-month,Fiber optic,55.905451346082124,208.74943080004127,0.7569079416894781
CUST-566,7,Month-to-month,DSL,107.403226033361,1450.4631697709963,0.9001218527147513
CUST-567,3,Month-to-month,DSL,85.96158350252993,303.4382324308806,0.8132091693536166
CUST-568,12,Month-to-month,Fiber optic,93.71937705419616,989.6439611800605,0.8205746922869989
CUST-569,10,Two year,Fiber optic,68.92182459596705,405.90897068144915,0.8360614738669038
CUST-570,3,Two year,DSL,73.58882776964091,1090.464004840377,0.8066354673569875
CUST-571,5,Month-to-month,DSL,64.21543963380341,1176.3909824984075,0.7291797933945511
CUST-572,6,Two year,No,55.817940257925486,1026.4586069215773,0.7897932249008253
CUST-573,9,Month-to-month,DSL,60.741898246495026,941.0242173700292,0.8924829646012421
CUST-574,13,One year,Fiber optic,97.85084271778915,1344.080186230417,0.8930774764259726
CUST-575,14,Month-to-month,Fiber optic,90.65274831102656,164.00873093514917,0.7830050490995983
CUST-576,12,Month-to-month,Fiber optic,82.81573255912862,529.826410381283,0.8334297617017294
CUST-577,5,Month-to-month,Fiber optic,78.50539237200609,410.01684546472666,0.7560996961234618
CUST-578,1,Month-to-month,Fiber optic,105.34605701936746,1482.6202449948612,0.7610079036436523
CUST-579,14,Month-to-month,DSL,54.364096866720104,614.6151805169666,0.7066836556379161
CUST-580,14,Month-to-month,Fiber optic,66.83604879427496,1112.2884138985783,0.9600564994732459
CUST-581,14,Month-to-month,DSL,70.99627121424284,1042.8514876274567,0.7611049328717228
CUST-582,4,Month-to-month,Fiber optic,96.94554873276726,357.5177943421977,0.7659848243115743
CUST-583,5,Month-to-month,No,109.55087720971828,396.5466363067494,0.7810844154670882
CUST-584,12,Month-to-month,Fiber optic,64.44023088542919,457.8626171518994,0.7369483407916744
CUST-585,10,Two year,Fiber optic,102.45844004822484,646.1345534760999,0.8853862361225951
CUST-586,10,Month-to-month,Fiber optic,99.83736562590748,389.77134519326387,0.7217914564215001
CUST-587,5,Month-to-month,Fiber optic,63.479443858505995,78.49464998292932,0.7389187036346415
CUST-588,7,Month-to-month,DSL,73.95995481195335,1325.1199323704334,0.8869794507111269
CUST-589,4,One year,DSL,74.58037215755115,1450.1342555022818,0.7985015799396183
CUST-590,1,Month-to-month,Fiber optic,108.6932401115935,545.2770611957735,0.9053048697433448
CUST-591,14,Month-to-month,Fiber optic,60.8535140827339,540.8349751669357,0.8616531759543412
CUST-592,14,Month-to-month,Fiber optic,97.94947826628692,60.283128522837934,0.7742461401878388
CUST-593,5,One year,Fiber optic,70.05156285038659,1036.3634980790423,0.8887401056419051
CUST-594,7,Month-to-month,DSL,93.85222074656963,1246.8878488355117,0.7337193672849354
CUST-595,10,Month-to-month,DSL,75.20066025773977,262.58203552200456,0.8555590110932088
CUST-596,10,Month-to-month,Fiber optic,84.7015857869924,281.51620658236857,0.82677295046306
CUST-597,6,One year,DSL,99.95670639956786,1195.6207124585846,0.7776833390170578
CUST-598,5,Month-to-month,Fiber optic,98.24993389903305,943.6215851135098,0.8751614493444551
CUST-599,4,Month-to-month,DSL,101.98539101238201,115.04780856018967,0.952686741778682
CUST-600,2,One year,Fiber optic,53.57703952067954,952.6931361703084,0.9896823629312922
CUST-601,4,Month-to-month,DSL,91.5230331823847,497.9306981234608,0.8762512029355931
CUST-602,10,Month-to-month,DSL,58.39924260330577,584.6514754327267,0.8173647035554593
CUST-603,10,Month-to-month,Fiber optic,74.94911408110465,1166.1105565304763,0.7653100590626984
CUST-604,3,Month-to-month,DSL,82.91530490328131,1225.8560293752853,0.7745578659245824
CUST-605,10,Month-to-month,Fiber optic,74.16436908480985,630.5171089177544,0.839041943663432
CUST-606,1,Month-to-month,Fiber optic,81.17670054818045,1423.3717572092144,0.8065105333714057
CUST-607,8,Month-to-month,Fiber optic,109.79157852791715,639.3709410305047,0.9650062115612338
CUST-608,5,Month-to-month,No,58.11303882277129,1169.1622510836594,0.8068056856201558
CUST-609,13,Two year,DSL,90.52736272018554,751.6220336181756,0.8082989314321762
CUST-610,4,Month-to-month,DSL,73.76005798313692,1351.4218734570218,0.8112250086058533
CUST-611,8,Two year,DSL,57.980587934439725,1366.253803292759,0.9426198610066209
CUST-612,7,Month-to-month,Fiber optic,59.524205802458575,176.7543714130716,0.8887286130456015
CUST-613,2,One year,DSL,106.95638637473701,1407.9153303998273,0.8781089665924788
CUST-614,1,Month-to-month,Fiber optic,102.77608980270573,1247.0255202046028,0.79690147649132
CUST-615,12,Month-to-month,Fiber optic,104.4225176249013,1197.400535753367,0.9371922112814074
CUST-616,11,Month-to-month,Fiber optic,109.4919665496432,341.32144254400754,0.7111255197931533
CUST-617,4,One year,DSL,62.498923400511075,1217.422852694264,0.9525311799780528
CUST-618,8,Month-to-month,DSL,71.3263602418437,1282.6924652933033,0.8486974709402395
CUST-619,12,Month-to-month,Fiber optic,90.153141795492,469.26798495851887,0.8154925681103897
CUST-620,2,Month-to-month,Fiber optic,79.02815239163884,1430.7771136253693,0.8441785114081288
CUST-621,3,Month-to-month,DSL,75.10337200270001,122.29721227878817,0.8935505038548109
CUST-622,12,Month-to-month,Fiber optic,71.46867496013559,267.3684172083525,0.7037019736901902
CUST-623,1,Month-to-month,DSL,85.62683791660713,829.4926501746958,0.9527500383728918
CUST-624,1,Month-to-month,No,84.53560571840492,884.8990831273491,0.8295544623403039
CUST-625,13,Month-to-month,Fiber optic,59.687470043854404,985.4676207863099,0.7994602907130226
CUST-626,3,Month-to-month,Fiber optic,78.30439025110634,74.60523750742637,0.7400912140338766
CUST-627,11,Month-to-month,DSL,83.208306572591,1442.5318232020888,0.8274449585639482
CUST-628,5,Month-to-month,DSL,84.21721632388343,114.65273446450878,0.8439336036724698
CUST-629,12,Month-to-month,Fiber optic,62.60643157474111,257.43983144893343,0.8170575414031085
CUST-630,3,Month-to-month,No,94.5362835351372,70.32105041278263,0.8968114272098001
CUST-631,1,Month-to-month,Fiber optic,51.51194568926418,871.9447282764373,0.8220599933401755
CUST-632,1,Month-to-month,Fiber optic,71.28991133258975,1401.7869816854097,0.9788110975755062
CUST-633,8,Month-to-month,DSL,96.81275891213801,1015.6233908166731,0.8737904801688416
CUST-634,10,Month-to-month,DSL,83.83357526332414,1242.8533292966197,0.9341686013390536
CUST-635,11,Month-to-month,Fiber optic,65.66974595065162,69.25774501494112,0.7317132119017489
CUST-636,12,Month-to-month,DSL,91.69718716058286,835.9221827956028,0.8152144749543127
CUST-637,13,Month-to-month,Fiber optic,84.0434566493644,716.3663173830067,0.7976858334196743
CUST-638,13,Month-to-month,Fiber optic,97.77461656738323,773.5035191201499,0.8651498925596116
CUST-639,12,Month-to-month,Fiber optic,94.1015111713894,154.70911873602253,0.9497229208178134
CUST-640,14,Month-to-month,DSL,86.60647532217408,1042.431273550496,0.7227180831509818
CUST-641,2,Month-to-month,Fiber optic,79.29066051864883,779.66960154502,0.7210466914329661
CUST-642,13,Month-to-month,Fiber optic,57.9909275400514,1159.4658322988328,0.9465921353657036
CUST-643,3,Month-to-month,Fiber optic,65.67998107312303,753.6714193894873,0.7617265249511236
CUST-644,2,One year,DSL,75.14596837502512,266.60337252832653,0.893938443790446
CUST-645,3,Month-to-month,Fiber optic,85.95795722038332,989.9725834128419,0.8574346583846335
CUST-646,7,Month-to-month,DSL,80.8224713129183,299.960225052491,0.9415391425172965
CUST-647,1,Month-to-month,Fiber optic,67.29107155757177,1314.9721168644817,0.736275783852557
CUST-648,10,Month-to-month,Fiber optic,50.387861467382635,939.0185466504001,0.7376370600595572
CUST-649,8,Month-to-month,Fiber optic,79.77435331404884,277.94563115758365,0.8614773244807091
CUST-650,13,Month-to-month,DSL,67.13755931373458,1445.3901833477498,0.9744498094739276
CUST-651,10,Month-to-month,DSL,94.07649804263211,801.6299218362149,0.8203493499275187
CUST-652,10,Month-to-month,Fiber optic,51.43677591622901,155.70275521389976,0.7948132090738615
CUST-653,10,Month-to-month,Fiber optic,85.08966867834745,958.9077114018475,0.8759399037273868
CUST-654,14,Month-to-month,Fiber optic,106.48845425036393,417.13841516857485,0.969830094158059
CUST-655,2,Month-to-month,Fiber optic,60.46455602668997,1215.3555052220886,0.9427090715249409
CUST-656,3,Month-to-month,Fiber optic,78.29896944503572,1235.8420066709764,0.9886902471126338
CUST-657,9,Two year,Fiber optic,55.48531950902829,1469.4736659892596,0.7065448891286893
CUST-658,7,Month-to-month,Fiber optic,87.54091473568116,777.7108199855304,0.7327288619667011
CUST-659,4,Month-to-month,Fiber optic,83.03190083577354,709.6874756052189,0.8767456513763203
CUST-660,10,Month-to-month,Fiber optic,74.44193145276994,1142.539627897397,0.9379671674068164
CUST-661,5,Month-to-month,DSL,81.28262128842448,242.0824516957935,0.7827208592689623
CUST-662,2,One year,Fiber optic,103.79447950814061,843.0274950000301,0.7693712155299234
CUST-663,13,Month-to-month,Fiber optic,61.77765813866402,842.0590201897338,0.9282229818205482
CUST-664,11,One year,DSL,51.35387070232083,179.73602807506145,0.7163507376174371
CUST-665,13,Month-to-month,Fiber optic,101.69989308194606,656.0769239850247,0.8071209677989496
CUST-666,8,One year,Fiber optic,84.62702494327439,1287.2629579224429,0.8466846745517757
CUST-667,4,Month-to-month,Fiber optic,103.43950732771054,1291.4227518922573,0.8625011155615938
CUST-668,9,Month-to-month,Fiber optic,85.81671340479035,193.89461413353746,0.9112983954699053
CUST-669,5,Month-to-month,Fiber optic,98.60966539758215,181.54527998435475,0.8029052597948908
CUST-670,13,Month-to-month,Fiber optic,75.78040180130887,430.9084416528062,0.8776784599556361
CUST-671,9,Month-to-month,DSL,94.99159587729612,1318.4107907032906,0.8697588726093773
CUST-672,4,Month-to-month,Fiber optic,104.78248801339136,236.90874835657345,0.8588086691895866
CUST-673,10,Month-to-month,Fiber optic,84.32737782333237,1093.995363809797,0.8857401550112415
CUST-674,5,Month-to-month,Fiber optic,60.847109033742775,196.69014843899967,0.7752402596097421
CUST-675,9,Month-to-month,Fiber optic,66.1278569018119,953.5498879343468,0.7245481385395424
CUST-676,8,Month-to-month,Fiber optic,61.918674613844345,566.29758372276,0.7345887848915256
CUST-677,3,Month-to-month,DSL,64.81142165574397,1193.925246300507,0.7651288909696313
CUST-678,1,Month-to-month,Fiber optic,68.38492696106218,388.85115079677723,0.8450574013016077
CUST-679,3,Month-to-month,Fiber optic,83.30802720519131,976.8426526154418,0.9437283976583458
CUST-680,4,Month-to-month,Fiber optic,85.27949776782997,391.73967513503317,0.9033750692056314
CUST-681,2,Month-to-month,Fiber optic,75.58998483451167,1084.807410512623,0.9288217752185937
CUST-682,1,Month-to-month,No,86.92524678925012,1316.8331501130858,0.8017829309385665
CUST-683,7,Month-to-month,Fiber optic,54.89449553668196,233.86260873380206,0.8173495850780795
CUST-684,8,Month-to-month,Fiber optic,55.2672942234896,1306.5637484634801,0.8141677469372777
CUST-685,7,Month-to-month,Fiber optic,60.30976762145951,910.684118900732,0.7556432234773054
CUST-686,14,Month-to-month,No,81.08464988242069,234.31021175718476,0.7177528308616359
CUST-687,5,Month-to-month,Fiber optic,62.839680721898816,669.9356902715824,0.8713656669198957
CUST-688,12,Month-to-month,Fiber optic,66.99706420955464,283.24742555339196,0.9868728381919699
CUST-689,1,Two year,DSL,74.01877017037964,1065.504438856526,0.7483806144355761
CUST-690,7,Month-to-month,DSL,98.71196744062279,1150.358794906027,0.7135385977707893
CUST-691,13,Month-to-month,Fiber optic,50.83172815477161,203.4049543955585,0.9260641877289405
CUST-692,7,Month-to-month,Fiber optic,88.96272921419734,783.9027864072343,0.77324994193857
CUST-693,9,Month-to-month,Fiber optic,90.13259186244112,1231.20633123758,0.9405967035523493
CUST-694,3,Month-to-month,Fiber optic,97.9193468213982,1407.4364102489449,0.9041416334400094
CUST-695,9,Two year,Fiber optic,105.9651763436188,794.6009067755665,0.9742453257447333
CUST-696,14,Month-to-month,Fiber optic,51.20827093695739,1427.9048742365403,0.8185888983694348
CUST-697,1,Month-to-month,Fiber optic,59.22702233079297,826.7490071612432,0.8919712534406838
CUST-698,1,One year,Fiber optic,103.17027764335958,621.5762171698666,0.8348078864358485
CUST-699,14,Month-to-month,Fiber optic,77.51111373122092,1279.8945364016984,0.8828707222194776
CUST-700,4,Month-to-month,No,83.8754383360078,764.8249301642292,0.8303836827422438
CUST-701,9,Month-to-month,Fiber optic,89.78163222338884,734.2586403185584,0.7547033514629816
CUST-702,6,Month-to-month,Fiber optic,90.74399626973825,760.9531096442511,0.8472902506409804
CUST-703,13,Month-to-month,Fiber optic,105.9044241989905,1277.8382527111307,0.8532894184168582
CUST-704,11,One year,No,109.81696504470018,1256.3152354476756,0.9350751159954467
CUST-705,3,Month-to-month,Fiber optic,93.20944765585641,635.1039890383063,0.9133010046801385
CUST-706,1,Month-to-month,Fiber optic,67.23327255230905,533.2847968122612,0.8924995709430188
CUST-707,4,Month-to-month,Fiber optic,102.78514413766061,763.2956348567375,0.732882257710246
CUST-708,12,Month-to-month,Fiber optic,52.9532548724457,880.5201391188081,0.9089787242924774
CUST-709,13,Month-to-month,Fiber optic,63.86485117246977,395.5889554105956,0.8450884953428093
CUST-710,9,Month-to-month,Fiber optic,103.84314304782289,1201.2348728376064,0.9592888654707862
CUST-711,3,Month-to-month,Fiber optic,65.3714908663613,755.4000103120131,0.9667625708978574
CUST-712,12,Month-to-month,No,63.23906357730491,534.3660452089414,0.7159954112745177
CUST-713,9,Month-to-month,Fiber optic,58.287517588414836,204.8904397977864,0.9379860525027989
CUST-714,7,Month-to-month,Fiber optic,101.54670545881498,396.32548258523,0.7109322432225744
CUST-715,12,Month-to-month,DSL,80.0034955514652,1426.4576990461765,0.8064791914515566
CUST-716,14,Month-to-month,Fiber optic,90.49359218324929,492.3945458883136,0.8572669929301129
CUST-717,4,Month-to-month,Fiber optic,64.34398304450178,294.8459695822012,0.7429492316018669
CUST-718,3,One year,Fiber optic,95.48242526067298,717.9755478997401,0.9164310056450322
CUST-719,10,Month-to-month,Fiber optic,95.6003326977259,495.2772278723606,0.7024228642099202
CUST-720,5,Month-to-month,DSL,68.75588149449801,100.98091289323152,0.7488937240458706
CUST-721,5,Month-to-month,DSL,74.64095798061697,518.560565055155,0.868431080657508
CUST-722,3,Month-to-month,Fiber optic,62.58141664581205,838.9575047122295,0.9071723929908148
CUST-723,12,Month-to-month,Fiber optic,108.59366139937426,849.982939428952,0.9658264997812357
CUST-724,9,Month-to-month,DSL,88.7361546235047,567.0104357064886,0.9045940290610409
CUST-725,4,Month-to-month,DSL,106.07263284293093,698.5889965662709,0.8948159883739111
CUST-726,11,Month-to-month,DSL,68.203132617748,1450.0009814404114,0.8143589324416927
CUST-727,5,Month-to-month,Fiber optic,96.91345477981338,597.1552919839519,0.7003724834027724
CUST-728,4,Month-to-month,Fiber optic,95.95151863308452,424.4288792269753,0.7348461850333303
CUST-729,5,Two year,DSL,91.4993391119925,403.02721389680215,0.8550208179792513
CUST-730,7,Month-to-month,Fiber optic,107.93833851600803,713.7586884209945,0.8957876668948817
CUST-731,9,Month-to-month,Fiber optic,73.61332016637893,1151.3042156395688,0.8210600023299741
CUST-732,7,Month-to-month,Fiber optic,57.84303941538544,348.68286707328616,0.9118969133432332
CUST-733,13,Month-to-month,Fiber optic,90.30253155464365,1078.4793843541138,0.8513400656463318
CUST-734,5,Month-to-month,Fiber optic,93.75858802863237,80.66724385665361,0.7215110967223505
CUST-735,10,Month-to-month,Fiber optic,84.50363440752888,657.4528180767218,0.7556847127807051
CUST-736,10,Two year,No,62.40907358800378,1175.004344544041,0.9435994847407434
CUST-737,7,Month-to-month,Fiber optic,80.26735650016133,541.1627858729255,0.9102246965210874
CUST-738,14,Month-to-month,DSL,68.73138419414776,867.4187970958292,0.9594809762336235
CUST-739,10,Month-to-month,Fiber optic,75.64799169000135,347.2198875975707,0.7340916022450715
CUST-740,5,Month-to-month,Fiber optic,88.71311455067983,1125.8933171329497,0.9871645350383714
CUST-741,3,Month-to-month,No,94.71288456145007,125.80469973970145,0.7607279470454807
CUST-742,7,Month-to-month,Fiber optic,63.933481454080585,1286.1868350694756,0.7034161641231261
CUST-743,13,Month-to-month,Fiber optic,74.3195216388172,337.3847603114188,0.9892526523255307
CUST-744,11,One year,Fiber optic,66.14969425949775,1317.8771459770796,0.7815114267790828
CUST-745,11,Month-to-month,Fiber optic,61.91789683171215,561.1673998857501,0.8937256412286424
CUST-746,2,Month-to-month,DSL,97.0032331997503,1097.8911829880055,0.7512378711111285
CUST-747,12,Month-to-month,DSL,104.55516166621955,512.8766817899733,0.868266274337751
CUST-748,9,Month-to-month,Fiber optic,72.2139311410746,1363.571923290239,0.9621701460718222
CUST-749,10,Month-to-month,Fiber optic,95.07673546242602,233.62383200164282,0.7928525385542472
CUST-750,10,Month-to-month,Fiber optic,103.81971736186466,308.8536944452681,0.8943736530528642
CUST-751,12,Month-to-month,DSL,100.7674526318139,764.8936814802634,0.7544920407515407
CUST-752,1,Month-to-month,Fiber optic,60.96880331235356,168.8107366053119,0.8811906656284303
CUST-753,13,Month-to-month,Fiber optic,107.37751289080168,334.1712678175548,0.7975706020270779
CUST-754,6,Month-to-month,Fiber optic,72.60058642576774,1418.4612542074208,0.761250394990506
CUST-755,7,One year,Fiber optic,70.35443967043018,1465.9100086644364,0.7908227947040541
CUST-756,14,Month-to-month,Fiber optic,53.74587963666682,595.5760275291118,0.7518639098672618
CUST-757,13,Month-to-month,DSL,79.17041924629298,1388.7647304702066,0.961555671272986
CUST-758,8,Month-to-month,Fiber optic,56.54081693845572,839.995779726476,0.8151841970319673
CUST-759,10,Month-to-month,Fiber optic,64.91238925564556,441.1265755169622,0.7711309984425665
CUST-760,9,Month-to-month,DSL,69.01655730603689,1068.478145566868,0.8300382738946205
CUST-761,2,Two year,DSL,98.52957940950104,1005.407619533543,0.7929554883738836
CUST-762,11,Month-to-month,Fiber optic,102.52931902375379,1484.2317127076633,0.9158815836058645
CUST-763,10,Month-to-month,Fiber optic,68.14797904768818,434.3185667434608,0.9816537744467934
CUST-764,2,Month-to-month,Fiber optic,101.52188727467444,1024.4862788595165,0.8270297604423176
CUST-765,5,Month-to-month,Fiber optic,101.43385624218746,125.434444792698,0.9496996859919496
CUST-766,13,Month-to-month,Fiber optic,95.87905702309241,214.78675611024315,0.8641002913322896
CUST-767,5,Month-to-month,Fiber optic,58.801706840910896,55.68164367908523,0.7455983428773276
CUST-768,6,Two year,Fiber optic,91.41937081404375,1499.217987536526,0.900280595203589
CUST-769,3,Month-to-month,DSL,106.70144387483413,1213.2968608638428,0.8488960041664878
CUST-770,8,Month-to-month,Fiber optic,90.95242872602942,1190.748371363634,0.88867589174311
CUST-771,13,Month-to-month,Fiber optic,69.89701094647003,789.1028091678605,0.9580093496457828
CUST-772,1,Month-to-month,Fiber optic,80.03475904584988,485.0972702128879,0.8277260254902533
CUST-773,6,Month-to-month,No,88.74350260106321,269.3332124708801,0.9613415107330331
CUST-774,4,Month-to-month,DSL,80.63422452371022,462.7783713273723,0.91769401414168
CUST-775,1,Month-to-month,DSL,57.19717650385819,595.1582717972517,0.8416954285046155
CUST-776,7,Month-to-month,DSL,68.72384267912123,1146.6496406214264,0.8749344193408094
CUST-777,9,Month-to-month,DSL,98.14376183321795,832.509593909571,0.7944185284305133
CUST-778,13,Month-to-month,Fiber optic,101.68508276573104,162.3512585054499,0.9852432169242445
CUST-779,4,One year,Fiber optic,58.23800196293421,76.14206299042274,0.8935318372846148
CUST-780,4,Month-to-month,Fiber optic,107.14320514392348,198.38166032439156,0.7127155872240226
CUST-781,6,Month-to-month,DSL,69.72935707091656,645.2231348612,0.7947203526669225
CUST-782,12,Month-to-month,DSL,89.7388243238432,1403.1297297210765,0.8807611857901266
CUST-783,3,Two year,Fiber optic,95.10950875740087,974.2335977533713,0.7163366505617795
CUST-784,13,One year,Fiber optic,98.716774078273,1212.647554819497,0.7069264154825513
CUST-785,12,Month-to-month,Fiber optic,106.74498213355581,726.2431620315954,0.8305070294630628
CUST-786,6,Month-to-month,DSL,68.77517288172936,574.415820632812,0.7964801521108743
CUST-787,7,Month-to-month,Fiber optic,101.51038727309327,207.18054043910297,0.827106596329618
CUST-788,11,Month-to-month,Fiber optic,57.90121420617242,1320.1028821699972,0.7761810598652015
CUST-789,10,Month-to-month,Fiber optic,92.30245438121557,1185.582042090459,0.7477681466134645
CUST-790,10,Month-to-month,Fiber optic,94.51866377083915,293.7712415167014,0.8998515735242979
CUST-791,3,Month-to-month,DSL,90.66339447207923,792.7778176205777,0.8492256237176621
CUST-792,7,Month-to-month,Fiber optic,65.13888416810917,756.693471485805,0.7580447212623164
CUST-793,14,Month-to-month,DSL,102.3825888209122,956.3827513954665,0.7926809336153995
CUST-794,3,Month-to-month,Fiber optic,60.1315078022237,1421.9709962873287,0.8716242932223645
CUST-795,13,Month-to-month,Fiber optic,53.21808749124985,890.6685905555954,0.7209465109990185
CUST-796,13,Month-to-month,Fiber optic,93.04789943671473,833.315036828997,0.742761372687192
CUST-797,2,Month-to-month,DSL,78.52854291396402,122.96825275526272,0.7212412251911431
CUST-798,12,Month-to-month,Fiber optic,100.94588119752056,141.2158402261347,0.9355720264870945
CUST-799,14,Month-to-month,Fiber optic,73.00382846349554,321.65284742384387,0.9181986776314827
CUST-800,10,One year,Fiber optic,60.09671531046277,97.08261895303501,0.9184607502449845
CUST-801,4,Month-to-month,DSL,100.18653154819218,1127.861698576518,0.9077343496080481
CUST-802,12,Month-to-month,Fiber optic,82.9345778984043,1098.8289407912466,0.8941217728642621
CUST-803,8,Month-to-month,DSL,61.3517475434213,247.28153992588227,0.8383276554596707
CUST-804,13,Month-to-month,Fiber optic,93.22303991518675,1262.3144061531573,0.8862606674170633
CUST-805,9,Month-to-month,Fiber optic,80.66681830937003,274.4397505268624,0.7111248508885126
CUST-806,7,Month-to-month,Fiber optic,86.25877893441918,486.70460114617026,0.8802246825704675
CUST-807,1,One year,Fiber optic,77.65390029239491,411.01650378397926,0.9255845346056943
CUST-808,3,Month-to-month,Fiber optic,99.72253902908038,589.8452929309193,0.8451039245114731
CUST-809,13,Two year,Fiber optic,99.77376294098299,419.2624605404447,0.8036788652438986
CUST-810,12,One year,Fiber optic,92.56332930946317,758.9788433357555,0.7804537530922839
CUST-811,14,Month-to-month,DSL,56.32408264378773,640.7414279642938,0.8864125945470039
CUST-812,9,One year,Fiber optic,100.33123171424413,1480.5257616300235,0.9009123476026735
CUST-813,12,Month-to-month,DSL,90.26077883197459,131.0932076859272,0.9525806039601373
CUST-814,1,Month-to-month,Fiber optic,91.82144996025797,256.16299576165983,0.7992768839136872
CUST-815,9,Month-to-month,Fiber optic,71.7789704242323,126.5975461674736,0.9232339691418198
CUST-816,8,One year,Fiber optic,102.7567733694204,957.4697327244448,0.862793189014908
CUST-817,1,One year,Fiber optic,93.52229601409145,129.0384522498934,0.9560225822966429
CUST-818,6,Month-to-month,Fiber optic,56.75542799175167,1262.837619195379,0.85306551140573
CUST-819,5,Month-to-month,Fiber optic,74.46668206436976,792.3110144887953,0.8501126502354105
CUST-820,6,Month-to-month,Fiber optic,103.1828217176085,814.1610556432239,0.8675843536178636
CUST-821,10,Month-to-month,Fiber optic,52.83180210184274,864.3120361826816,0.9173014529913059
CUST-822,12,Month-to-month,DSL,107.68499717852296,297.67987414400557,0.9797602388602537
CUST-823,13,Month-to-month,DSL,90.74975409917377,336.65093951600693,0.721333372722572
CUST-824,13,Month-to-month,Fiber optic,87.88255865860259,512.2851181658568,0.715496034693395
CUST-825,13,Month-to-month,Fiber optic,66.23355538927949,910.5698029416845,0.9718895978481281
CUST-826,5,Two year,Fiber optic,64.92750732435063,354.67077511331104,0.8536639314002797
CUST-827,6,Month-to-month,Fiber optic,106.52349316931573,218.68100434322878,0.8783218742244114
CUST-828,5,Month-to-month,Fiber optic,67.89634725404737,1456.6694853067268,0.8399028444624713
CUST-829,11,Month-to-month,Fiber optic,96.53031780313997,81.87363147395322,0.7271606612561675
CUST-830,12,One year,Fiber optic,73.58730789242475,1213.9112377372314,0.9227459197414133
CUST-831,5,One year,Fiber optic,58.35524424708224,1192.650966883782,0.9166951470756902
CUST-832,4,Month-to-month,Fiber optic,50.642917861721536,480.9604650753892,0.7903939632329154
CUST-833,3,Month-to-month,DSL,82.65544022091505,246.65859321060444,0.7888093811162361
CUST-834,3,Month-to-month,DSL,108.54672911293596,261.16153772286395,0.9429740004626004
CUST-835,4,Month-to-month,Fiber optic,72.14817162855226,1061.275844993929,0.7209836047449847
CUST-836,9,Month-to-month,DSL,71.43154003958269,982.0695570749518,0.955520493023404
CUST-837,2,Month-to-month,No,70.64549707096653,1184.9812276645107,0.7744318900698152
CUST-838,9,Month-to-month,Fiber optic,81.2326302382915,1409.3476999787017,0.8719655768490933
CUST-839,1,Month-to-month,Fiber optic,76.43989300545762,1053.2946767365584,0.9714383119105156
CUST-840,14,Month-to-month,Fiber optic,102.79487760362088,275.984727999593,0.8966555254456274
CUST-841,1,Month-to-month,DSL,80.33124750340941,402.9917943098455,0.8201846456154406
CUST-842,5,Month-to-month,DSL,80.46547029131413,1271.1809097660162,0.8999649205825704
CUST-843,6,Two year,Fiber optic,58.302295683233396,353.4938099596024,0.7997540945317473
CUST-844,6,Month-to-month,Fiber optic,108.96437245462316,155.15735958399804,0.780404940741264
CUST-845,3,Two year,Fiber optic,64.99837345212978,1069.7560783612632,0.9890381506010572
CUST-846,7,Month-to-month,Fiber optic,54.40184404757616,633.6632154607059,0.9177291670421385
CUST-847,9,Month-to-month,Fiber optic,89.78877493851253,1384.0580761915603,0.8869687934407271
CUST-848,11,Month-to-month,DSL,85.72198220941236,992.8698530858093,0.8030339965336024
CUST-849,12,Month-to-month,Fiber optic,74.90873923956474,181.1075177979081,0.714256640454964
CUST-850,10,Month-to-month,DSL,75.33153403284068,1424.392022517808,0.7090064940501951
CUST-851,8,Month-to-month,DSL,97.10383526278588,424.90803227835653,0.8607125640801516
CUST-852,6,Month-to-month,DSL,61.74275840597895,538.9581110891144,0.9209894891013248
CUST-853,12,Month-to-month,Fiber optic,99.21519913669339,633.277599841136,0.855839965228718
CUST-854,8,Month-to-month,Fiber optic,88.92482683370109,124.27522978625422,0.9438276708623432
CUST-855,12,Month-to-month,Fiber optic,75.13818642677147,769.947362234377,0.7096936945970342
CUST-856,5,Month-to-month,Fiber optic,77.48171699503212,228.81181205917375,0.8063581021635225
CUST-857,8,Month-to-month,Fiber optic,65.39883243116574,631.40697369811,0.7687504134405116
CUST-858,10,Month-to-month,Fiber optic,95.12685996181848,558.5291925885223,0.8297091607655653
CUST-859,12,Month-to-month,Fiber optic,80.77248453831606,1170.6181209684298,0.7209891540262955
CUST-860,4,Two year,Fiber optic,69.25127256499061,1214.59724186746,0.976698176055611
CUST-861,10,Month-to-month,Fiber optic,85.76300694565701,272.44867946417764,0.7647440663101146
CUST-862,8,Month-to-month,Fiber optic,109.74406712307939,581.499221699878,0.9674692548902396
CUST-863,10,Two year,DSL,76.11573677939323,591.362083496156,0.8235090149606377
CUST-864,12,Month-to-month,DSL,105.24148404671718,269.54514370732335,0.9858019986440132
CUST-865,2,Month-to-month,Fiber optic,70.70101039547397,1207.7575823242262,0.8606769312034611
CUST-866,12,Month-to-month,Fiber optic,53.283962415499154,1075.4810760863638,0.9699415306109842
CUST-867,12,Month-to-month,Fiber optic,62.25452638210573,326.05359013070034,0.7015512067213245
CUST-868,5,Month-to-month,Fiber optic,75.12170859966105,581.7467674610086,0.916989253792461
CUST-869,9,Month-to-month,Fiber optic,63.17809571567414,203.41728604194563,0.9618846893997295
CUST-870,4,Month-to-month,DSL,50.01362229309533,960.8995657849138,0.7405189644238966
CUST-871,11,Month-to-month,Fiber optic,104.90009226485164,225.98929059549852,0.7278764970023239
CUST-872,6,Two year,Fiber optic,100.63276467385575,1479.6045445061309,0.8231260560839271
CUST-873,1,Month-to-month,Fiber optic,94.53753388921683,1181.9890082974005,0.9707668827785512
CUST-874,9,Month-to-month,Fiber optic,60.06887573876172,615.8458968967929,0.8572921024552272
CUST-875,1,Month-to-month,Fiber optic,57.221814572599165,888.9177018050639,0.8529623744793023
CUST-876,5,Month-to-month,Fiber optic,54.056284968342986,1371.4456335137927,0.7409265743068033
CUST-877,4,Month-to-month,Fiber optic,93.44175132637527,853.4439565739478,0.7002289582170335
CUST-878,13,Month-to-month,Fiber optic,105.72847764127312,303.022805277035,0.9349406263161837
CUST-879,12,Month-to-month,Fiber optic,75.83214925478222,599.119865592681,0.7253966232660091
CUST-880,13,One year,Fiber optic,57.14844031976289,1272.5600542931309,0.883816447433244
CUST-881,13,Month-to-month,Fiber optic,80.74356924392639,984.108873184946,0.9652387718094055
CUST-882,14,Month-to-month,No,70.9299144475178,993.5503572840105,0.760509054815945
CUST-883,3,Month-to-month,Fiber optic,72.48949546099986,1306.8911542483092,0.8929291225087042
CUST-884,13,Month-to-month,Fiber optic,87.27983744934244,1346.2609333206317,0.7228225872451777
CUST-885,6,Month-to-month,Fiber optic,93.12308679573214,1383.6992290801827,0.8750889917129078
CUST-886,2,Month-to-month,Fiber optic,56.63621593238965,187.53133021707634,0.7475401990764288
CUST-887,3,Month-to-month,Fiber optic,52.13541384838858,838.9827028464963,0.9134265325494016
CUST-888,5,Month-to-month,Fiber optic,109.6598181611429,1123.7388057665619,0.7873570754902334
CUST-889,9,Month-to-month,DSL,63.96370093493311,1147.54392543417,0.8343833925533474
CUST-890,2,Month-to-month,Fiber optic,53.22983149450754,929.7384928565056,0.8738348571880102
CUST-891,10,Month-to-month,Fiber optic,61.3925197457552,291.8416360163275,0.7496692890932094
CUST-892,8,Month-to-month,Fiber optic,52.33747078090785,1206.2598032154133,0.9150749673991101
CUST-893,14,Month-to-month,DSL,73.5086536770303,1094.1614335966713,0.7877656987846762
CUST-894,2,Month-to-month,Fiber optic,98.14410706707946,174.89686874610263,0.8920878393746985
CUST-895,11,Month-to-month,Fiber optic,70.47466698546323,722.5242457778455,0.7459020847028183
CUST-896,13,Month-to-month,Fiber optic,76.651004412702,302.2672293066152,0.8995541211698416
CUST-897,5,Month-to-month,Fiber optic,90.53520641404633,539.3417162838092,0.7371745411150339
CUST-898,7,Month-to-month,Fiber optic,80.53364420419281,76.21758369824389,0.8233533839182953
CUST-899,8,Two year,Fiber optic,101.68674116127946,630.4783091955994,0.7716897613842743
CUST-900,1,Month-to-month,Fiber optic,101.96214050274538,847.3215356765052,0.9170288223341729
CUST-901,6,Two year,Fiber optic,50.59464172946922,948.3947595992759,0.7759901513069936
CUST-902,1,Month-to-month,Fiber optic,96.68277838899195,1012.0610004366296,0.9556980188546649
CUST-903,2,Month-to-month,Fiber optic,77.64401601450044,1262.622403998567,0.9586278613079177
CUST-904,1,Month-to-month,DSL,109.33043247821978,362.42121554980855,0.7569679814146079
CUST-905,11,Month-to-month,Fiber optic,78.99392455252611,224.69864253577853,0.87801532405224
CUST-906,5,Month-to-month,Fiber optic,109.21375672329785,1284.7288992519923,0.7254381160987896
CUST-907,10,Month-to-month,Fiber optic,95.27416167234419,277.0885815943423,0.8135457588844724
CUST-908,9,Month-to-month,Fiber optic,64.91629307679838,1463.4021179374831,0.906863301555369
CUST-909,6,Month-to-month,DSL,82.30369875721746,1271.6804326280237,0.8912327415864757
CUST-910,11,Month-to-month,Fiber optic,109.52813836871496,776.2710785399188,0.8811631941279163
CUST-911,11,Month-to-month,Fiber optic,101.45183646511542,1473.0610661369365,0.7819368504621086
CUST-912,1,Month-to-month,Fiber optic,55.842013627473264,191.1962572066061,0.8096272353359766
CUST-913,13,Month-to-month,Fiber optic,92.38231980859976,489.4453537038974,0.7298543819630829
CUST-914,1,Month-to-month,Fiber optic,70.73477515224879,975.4254018088866,0.9085166179257442
CUST-915,2,Month-to-month,Fiber optic,50.41893571282089,557.5099592861092,0.8461277510694692
CUST-916,9,Month-to-month,Fiber optic,74.20885814161997,1396.1402003721482,0.9055420333802399
CUST-917,3,One year,DSL,64.08526530349828,145.15782785783546,0.7721936221910931
CUST-918,1,Two year,Fiber optic,99.1321562312283,846.6471564883987,0.7940870863041691
CUST-919,5,Month-to-month,DSL,70.23983653074593,906.756087722916,0.7969224478054332
CUST-920,7,Month-to-month,DSL,99.65142163722902,996.455779476975,0.7074652988266926
CUST-921,6,Month-to-month,DSL,50.03587633008772,420.71602383113094,0.7989038831208808
CUST-922,12,Month-to-month,Fiber optic,68.46914900156715,578.6213199038035,0.9329583263202297
CUST-923,1,Month-to-month,Fiber optic,64.46991285846572,1273.3367680142176,0.9602165637674241
CUST-924,5,Month-to-month,DSL,64.01404166411666,332.66701500673173,0.8502833115344189
CUST-925,5,Month-to-month,Fiber optic,54.09119718592776,1248.958378401375,0.8320954916135739
CUST-926,6,One year,Fiber optic,61.2274562246301,865.8503632089764,0.7089391394228173
CUST-927,3,Month-to-month,DSL,83.33297419313719,1155.171891231419,0.954969257899761
CUST-928,5,Month-to-month,DSL,67.48166437026467,1084.7306810820337,0.703772961893503
CUST-929,7,Month-to-month,Fiber optic,75.04368693974888,350.89166830807454,0.9739775232609614
CUST-930,5,One year,Fiber optic,72.61201282083131,874.7784678291157,0.8418727121195463
CUST-931,5,Month-to-month,Fiber optic,102.55429549999367,1308.1985715673839,0.7991610031366707
CUST-932,5,Month-to-month,DSL,104.31793994063092,676.5685433627975,0.9680233461043715
CUST-933,10,Month-to-month,DSL,79.5774182993516,1451.5566168238092,0.707073388001928
CUST-934,10,Month-to-month,Fiber optic,69.80935701893627,705.7118951474912,0.8686132195120352
CUST-935,3,Month-to-month,Fiber optic,56.40804224014182,257.0391731684328,0.8591904321048078
CUST-936,1,Month-to-month,DSL,107.2041727629257,614.6802861126262,0.7636029163513007
CUST-937,5,Month-to-month,Fiber optic,53.61361669401785,1429.968489266279,0.8243773550915611
CUST-938,14,Month-to-month,Fiber optic,67.85901665409682,513.5952315427886,0.8891565617236933
CUST-939,9,Month-to-month,No,67.88397207020024,1308.742331807241,0.910868047095759
CUST-940,14,Month-to-month,Fiber optic,69.22407716841289,1327.8134884387403,0.700207889024908
CUST-941,1,Month-to-month,Fiber optic,59.85721059634456,557.7704602813435,0.9716874947263944
CUST-942,3,Month-to-month,Fiber optic,96.98968585542183,170.7236041734166,0.7477123579939156
CUST-943,13,Month-to-month,Fiber optic,57.34987171795935,1100.6089682802865,0.7677383259244841
CUST-944,13,Month-to-month,DSL,88.09439954918977,501.69283357027973,0.776407299251216
CUST-945,4,Two year,Fiber optic,57.43076160234905,1185.23924067348,0.7109678396000902
CUST-946,14,Month-to-month,No,54.2321382555774,691.849529977628,0.7356851158411942
CUST-947,1,Month-to-month,Fiber optic,104.56577022115259,753.6367763968012,0.986041477653807
CUST-948,1,Month-to-month,Fiber optic,61.40772597912234,1177.9686397853784,0.791412853839413
CUST-949,8,Month-to-month,Fiber optic,99.27500927358226,604.4268300393604,0.7334373161983243
CUST-950,2,Month-to-month,Fiber optic,82.67785226642815,692.5346507182261,0.7310274657406407
CUST-951,12,Month-to-month,Fiber optic,54.67139117652618,595.4761797159521,0.9086433906242918
CUST-952,8,Month-to-month,Fiber optic,107.32689148628405,582.6437471520559,0.9478249125694659
CUST-953,7,Month-to-month,Fiber optic,64.81767001951356,812.6225365071161,0.7745161668574563
CUST-954,10,Month-to-month,Fiber optic,101.57872072115639,1222.7591945266686,0.7060637585772181
CUST-955,10,Month-to-month,DSL,60.12860034707385,574.5640522877205,0.7646961053491531
CUST-956,2,Month-to-month,Fiber optic,101.23657292851118,810.1693447797182,0.7163895503310596
CUST-957,6,Month-to-month,DSL,50.79372877431764,1022.5546218917711,0.729984531622712
CUST-958,6,Month-to-month,Fiber optic,80.70682739416884,440.68719714029976,0.8251373547558163
CUST-959,3,Month-to-month,Fiber optic,96.16655476529341,452.4080671084692,0.7666763275498734
CUST-960,11,Two year,Fiber optic,106.087731049567,1403.4490341840094,0.8496243047723727
CUST-961,2,Month-to-month,Fiber optic,104.55212817238922,1099.1251313300786,0.7735131884445852
CUST-962,12,Month-to-month,Fiber optic,99.17749217285869,886.9206805237978,0.9727558173198548
CUST-963,1,Month-to-month,DSL,103.29148097967824,989.1940789098874,0.9627237506986167
CUST-964,6,Month-to-month,DSL,61.95318115022459,92.48419249995663,0.8643737704530351
CUST-965,12,Month-to-month,Fiber optic,67.05105774270372,946.2493000644605,0.802782957676342
CUST-966,5,Month-to-month,Fiber optic,67.3381114952635,788.7878661750927,0.8105325957900733
CUST-967,14,Month-to-month,DSL,72.62323586010193,841.3370356801818,0.8194371621119041
CUST-968,14,Month-to-month,Fiber optic,73.59924022311132,571.1645489046848,0.9109980034191337
CUST-969,11,Month-to-month,DSL,82.67331947928054,168.13715168376575,0.830975308700463
CUST-970,9,Month-to-month,DSL,59.59278580198648,330.34188873747564,0.9484516844867102
CUST-971,1,Month-to-month,DSL,91.47479982715936,1428.579834158374,0.9737874879198057
CUST-972,7,Two year,Fiber optic,60.05399235827039,642.6143652928542,0.7974243844798908
CUST-973,5,Month-to-month,Fiber optic,68.61850892627285,726.6905759547531,0.8626013995989472
CUST-974,5,Month-to-month,Fiber optic,80.20070783636925,126.42919528748654,0.7275663956814437
CUST-975,14,Two year,Fiber optic,97.78643369140863,104.47103283877185,0.7581360238522441
CUST-976,2,Month-to-month,DSL,94.36815399432363,1089.9130982177987,0.8199050723459465
CUST-977,11,Month-to-month,Fiber optic,88.73206138463134,830.2372629756113,0.7597987876115159
CUST-978,3,Month-to-month,Fiber optic,59.34639563481021,787.6236771135867,0.954202542328728
CUST-979,7,Month-to-month,DSL,82.82272073693466,402.5305691128696,0.7459030142571385
CUST-980,6,Month-to-month,DSL,55.24679010799313,1129.8885608633873,0.8321416382503967
CUST-981,12,Month-to-month,DSL,72.64179060779905,293.94303970731323,0.875652779733364
CUST-982,2,Month-to-month,DSL,74.81099181739755,325.40537830847904,0.9006405333666448
CUST-983,6,One year,Fiber optic,52.38868636674523,718.0326484549994,0.8110901172206869
CUST-984,2,Month-to-month,Fiber optic,66.4392859681983,465.1058000623143,0.9520387299301712
CUST-985,2,Month-to-month,DSL,107.33896803598937,408.8213227880622,0.8648125538125984
CUST-986,2,Month-to-month,Fiber optic,107.21795646978137,985.5945846023309,0.82745725632979
CUST-987,14,Month-to-month,Fiber optic,71.13962325515236,993.9090305668896,0.7194997838750906
CUST-988,11,Month-to-month,Fiber optic,52.58600653689945,1245.5497512098973,0.8347599458490979
CUST-989,3,One year,Fiber optic,60.745696359690896,655.677422110815,0.9380133938365618
CUST-990,2,Month-to-month,DSL,73.53306760601241,155.97338198791786,0.8782168952841815
CUST-991,4,Month-to-month,Fiber optic,106.86678187815379,446.8162581361136,0.9413271115814443
CUST-992,9,Month-to-month,Fiber optic,58.471943812231096,1471.0079216353845,0.8432633844737986
CUST-993,6,One year,Fiber optic,95.81095062009274,914.574934087418,0.7343538944773997
CUST-994,1,Month-to-month,Fiber optic,56.52095236248152,1079.1187729614794,0.7039555552924055
CUST-995,8,Month-to-month,Fiber optic,108.87545464347662,60.668852956851076,0.7879336685483914
CUST-996,12,Month-to-month,Fiber optic,72.8969899465481,801.3983116646552,0.9024172367343598
CUST-997,14,One year,DSL,96.51407233394336,104.41655342111453,0.9291753721430912
CUST-998,7,Month-to-month,Fiber optic,70.5554649686679,875.3838075325996,0.7857683220398956
CUST-999,10,One year,Fiber optic,87.66013262952852,1385.1177319723092,0.8437396370561416
CUST-1000,3,Month-to-month,Fiber optic,61.52096508440221,1454.2077392255915,0.8221244822858836
CUST-1001,1,Month-to-month,Fiber optic,58.76126115781775,833.8013793139401,0.8190516074619141
CUST-1002,5,Month-to-month,Fiber optic,106.28384837408788,714.3969676157132,0.7670911268280436
CUST-1003,13,Month-to-month,DSL,105.058836674266,1420.2747866603163,0.7395476204585429
CUST-1004,4,Month-to-month,Fiber optic,103.24813641277294,1026.734256395208,0.7570396818870517
CUST-1005,10,Month-to-month,DSL,87.52600700999561,144.1039553306937,0.7160463922773703
CUST-1006,8,Month-to-month,Fiber optic,98.49609267297669,725.3020876178715,0.7574579151288373
CUST-1007,1,Month-to-month,Fiber optic,54.14221621468249,398.3552767732407,0.70266826031136
CUST-1008,10,Month-to-month,Fiber optic,70.08734251344075,731.2162661005883,0.8819049361844337
CUST-1009,1,Two year,DSL,68.82218748542937,710.4250794092245,0.791748868142428
CUST-1010,12,One year,Fiber optic,88.1387193171568,894.1099640813759,0.9822119663138035
CUST-1011,4,Month-to-month,Fiber optic,71.35746640823842,567.3172110064143,0.7561779447251263
CUST-1012,8,Month-to-month,Fiber optic,58.91040689862085,288.1921517110957,0.8002902853897822
CUST-1013,5,Month-to-month,Fiber optic,85.78802452481263,780.3931801554365,0.8037739360060446
CUST-1014,2,Month-to-month,Fiber optic,98.8630352401449,1253.794182301355,0.7024509338581135
CUST-1015,6,Month-to-month,Fiber optic,72.9274096675984,1012.8177306980233,0.943370306381443
CUST-1016,5,Month-to-month,Fiber optic,57.9361229059089,540.633405591563,0.7092783934418542
CUST-1017,2,Month-to-month,Fiber optic,61.80129183876938,1406.508383000343,0.97265215207148
CUST-1018,13,Month-to-month,Fiber optic,64.24899831016305,1372.7009783113142,0.9587015618171499
CUST-1019,14,Month-to-month,DSL,67.99385557967217,353.5551791069432,0.8553013556649294
CUST-1020,11,Month-to-month,DSL,88.56770423037855,107.15549842452631,0.8576427167242747
CUST-1021,11,Month-to-month,DSL,86.05672907226314,1124.8976271086053,0.8895955976572854
CUST-1022,11,Month-to-month,Fiber optic,91.76479169402235,1250.0348789562722,0.8122445034611172
CUST-1023,3,Month-to-month,Fiber optic,71.7501190718908,1453.4036206294652,0.8876944621853781
CUST-1024,9,Month-to-month,Fiber optic,99.4398591127987,1340.2627714280507,0.7129828327196611
CUST-1025,7,Month-to-month,Fiber optic,62.245259669345614,920.7754138993015,0.7156738119314207
CUST-1026,7,One year,Fiber optic,78.14244485108924,818.5758918579522,0.8325968216896679
CUST-1027,11,Month-to-month,Fiber optic,98.05632329248581,90.36952433075012,0.8593904673207501
CUST-1028,6,Month-to-month,Fiber optic,60.80951886395715,407.65184792492784,0.9574671156973875
CUST-1029,8,Month-to-month,Fiber optic,56.59178682444698,716.4413900127433,0.7303515838332899
CUST-1030,4,Month-to-month,DSL,103.02103806127938,961.3306551211733,0.9385678988862279
CUST-1031,8,Month-to-month,Fiber optic,70.57577976555176,858.0151583116955,0.7609137278147001
CUST-1032,4,Month-to-month,Fiber optic,91.03220749454192,1126.8221850384514,0.8142842580679092
CUST-1033,8,Month-to-month,Fiber optic,51.52091625583631,455.66204978620925,0.7918147060999497
CUST-1034,9,Two year,Fiber optic,91.40281330456698,869.1812810960862,0.8160450291309657
CUST-1035,3,Month-to-month,Fiber optic,68.96607869281823,177.8062529166486,0.7436436944410497
CUST-1036,3,Month-to-month,DSL,53.34445121524651,649.8150091956501,0.8460353215770309
CUST-1037,11,Month-to-month,DSL,86.58876569288702,1137.7332077841716,0.9324763510510965
CUST-1038,13,Month-to-month,Fiber optic,64.4482289643904,1055.4312374721137,0.8280448630098801
CUST-1039,2,Month-to-month,DSL,73.2084345231128,1486.4319688996595,0.8422779370104777
CUST-1040,13,Month-to-month,No,54.83484873719082,452.9421326822462,0.9461425997315811
CUST-1041,10,Month-to-month,DSL,58.82979506569672,772.3744838022698,0.904756853245029
CUST-1042,3,Month-to-month,DSL,67.87863412975062,527.8190999722952,0.8422317784707375
CUST-1043,3,Month-to-month,Fiber optic,55.385570033609426,688.8745153858034,0.7747317379748621
CUST-1044,5,Month-to-month,Fiber optic,104.64957588117892,1292.5776883106128,0.9566287565850403
CUST-1045,5,Month-to-month,Fiber optic,50.36282259103871,1042.1031590233056,0.8673359164902619
CUST-1046,2,Month-to-month,Fiber optic,79.03161313185869,1329.5397274539935,0.7641328069321011
CUST-1047,12,Month-to-month,No,57.394847487953086,345.09110708123535,0.778044728265023
CUST-1048,10,Month-to-month,Fiber optic,68.46074536867691,1316.373620870085,0.9329085957915113
CUST-1049,13,Month-to-month,DSL,105.56357358909592,136.65529755865742,0.7128022130053621
CUST-1050,6,Month-to-month,DSL,59.70167319643921,1338.468956633871,0.9877067342383579
CUST-1051,5,Two year,DSL,107.94993918309996,527.1569802180554,0.7378019871172896
CUST-1052,6,Month-to-month,No,62.3476626193653,506.15206845039637,0.9308598723651118
CUST-1053,1,Month-to-month,Fiber optic,94.49396650800978,792.5284362130627,0.814484841863788
CUST-1054,5,Month-to-month,Fiber optic,82.8006358938387,1414.000772198686,0.8427426931533654
CUST-1055,9,Month-to-month,Fiber optic,103.06872365580556,119.28297878803778,0.9553886674647276
CUST-1056,12,One year,Fiber optic,83.23959533018785,560.7349138525807,0.8197442449808718
CUST-1057,10,Two year,Fiber optic,82.07355314937853,1292.029383590837,0.855873188565238
CUST-1058,14,Month-to-month,Fiber optic,61.72748002210399,624.2789922814268,0.7142969020986593
CUST-1059,2,Month-to-month,DSL,59.97376172309952,338.77750151574713,0.7006807674215614
CUST-1060,1,Month-to-month,Fiber optic,104.98934906693086,665.9515629305471,0.7709919631705004
CUST-1061,14,One year,Fiber optic,69.67029193100204,609.0511271629205,0.8973690969464425
CUST-1062,10,Month-to-month,Fiber optic,72.32493529777375,1377.35349212672,0.7351668190741496
CUST-1063,13,Month-to-month,Fiber optic,95.5894195057033,1154.8048448274908,0.7329909680533193
CUST-1064,11,Month-to-month,Fiber optic,70.32940894536844,782.4175558288092,0.8191785763304119
CUST-1065,9,Month-to-month,DSL,107.12374679834016,1483.137321746278,0.8878727411963857
CUST-1066,10,Month-to-month,Fiber optic,94.27566613992802,724.6524203500888,0.9065008777518998
CUST-1067,9,Month-to-month,DSL,85.8457545544052,134.44485468939908,0.7517506954885287
CUST-1068,9,Month-to-month,Fiber optic,102.85370963268515,430.2977666317281,0.7230805627378922
CUST-1069,6,Month-to-month,DSL,52.97635450096897,682.3021963180033,0.9727151398442078
CUST-1070,8,Month-to-month,Fiber optic,65.42376153135253,277.50880501187413,0.7755932509430095
CUST-1071,14,Month-to-month,Fiber optic,77.9021800532546,1423.9694331698624,0.9474704843065299
CUST-1072,11,Month-to-month,Fiber optic,63.61871236829126,1161.930901835771,0.9504125206342173
CUST-1073,13,Month-to-month,DSL,94.63431123812911,439.0164406202704,0.9240315516111379
CUST-1074,1,Month-to-month,Fiber optic,105.15248186322351,906.6665736009779,0.7489617459292452
CUST-1075,10,Month-to-month,Fiber optic,75.4262071958554,1096.1012778088793,0.9383224231837181
CUST-1076,4,Month-to-month,No,70.5279560067137,1414.8544469148571,0.9230826621800601
CUST-1077,1,Month-to-month,DSL,107.69304392825397,1328.3712563043455,0.8730496671308029
CUST-1078,8,Month-to-month,Fiber optic,76.69114596965245,797.0287279004099,0.7977885901989963
CUST-1079,1,Month-to-month,DSL,79.34290402695699,1173.2462986998755,0.7761274952372977
CUST-1080,3,Month-to-month,Fiber optic,71.09899234051433,865.1098930499983,0.735347871503304
CUST-1081,13,Month-to-month,Fiber optic,104.57290838072831,851.4206405660332,0.8478295494012527
CUST-1082,4,Month-to-month,Fiber optic,84.13732899691105,216.37583959037826,0.8697256538978555
CUST-1083,8,Month-to-month,DSL,95.73047523089868,232.8996041234205,0.8042083072495783
CUST-1084,6,Month-to-month,DSL,98.70840310105318,817.8237417825633,0.8378541296274519
CUST-1085,14,Month-to-month,Fiber optic,70.5109425150355,439.8492402195596,0.8054191926370873
CUST-1086,10,Month-to-month,Fiber optic,76.0216598792228,80.50350856767952,0.8858917566230033
CUST-1087,12,Month-to-month,Fiber optic,100.90830646437588,1098.1168456553078,0.9613651702610033
CUST-1088,7,Month-to-month,No,71.79532110054862,97.10556520073919,0.747536875993614
CUST-1089,14,Month-to-month,No,97.63610800711108,913.1514196008791,0.8106085548719058
CUST-1090,8,Month-to-month,Fiber optic,106.45953935446623,831.8310014846058,0.7408518951457498
CUST-1091,2,Month-to-month,DSL,87.39262238408043,1454.7813013378166,0.8812336934182713
CUST-1092,13,Month-to-month,DSL,94.49763724711333,752.1090520540804,0.9113724477516928
CUST-1093,10,Month-to-month,Fiber optic,98.3058387224681,142.22208274780618,0.9702546924532622
CUST-1094,14,Month-to-month,Fiber optic,100.70237893379856,849.9475533193694,0.7808728586156798
CUST-1095,11,Month-to-month,Fiber optic,73.70320027140775,1269.589447393347,0.9755612497009747
CUST-1096,8,Month-to-month,Fiber optic,53.07580755055989,1495.4314622080879,0.7183461748279957
CUST-1097,3,Month-to-month,Fiber optic,74.11257627420437,673.9976018491551,0.8748740203757306
CUST-1098,7,Month-to-month,Fiber optic,90.42537378704539,514.4331766202766,0.7165684886095657
CUST-1099,3,Two year,DSL,77.02102314684757,1364.6472805803985,0.959194514450964
CUST-1100,7,One year,Fiber optic,94.93778905162391,327.30108716037597,0.8536446265503157
CUST-1101,14,Month-to-month,Fiber optic,71.41894576811983,942.3719267977436,0.8941110217212108
CUST-1102,11,Month-to-month,Fiber optic,88.08464846624177,638.2859150623742,0.9411564385140312
CUST-1103,12,Month-to-month,Fiber optic,61.185188291238475,109.56942918555517,0.7435900805203509
CUST-1104,13,Month-to-month,Fiber optic,94.96216619869742,553.5682877432617,0.7111915529620588
CUST-1105,2,Month-to-month,Fiber optic,82.74175812878156,434.58135762887815,0.9548755323147271
CUST-1106,10,Month-to-month,Fiber optic,62.24386331279604,1044.832173218056,0.7913306359630904
CUST-1107,6,Month-to-month,Fiber optic,67.51467040986843,1425.7462216532813,0.7374038832988778
CUST-1108,3,Month-to-month,Fiber optic,94.91652251490994,438.66842169902475,0.835853758755255
CUST-1109,3,Month-to-month,Fiber optic,78.95607413969124,1226.6256117699386,0.8735087619518455
CUST-1110,9,Month-to-month,DSL,62.96188642358433,130.2717345606938,0.7089814749925278
CUST-1111,7,Month-to-month,Fiber optic,108.03627142221785,830.275464557729,0.7797197408945554
CUST-1112,5,Month-to-month,Fiber optic,92.90750118901327,152.29759237934715,0.7095119635402998
CUST-1113,12,Month-to-month,DSL,107.42808995238777,1404.347837139427,0.8218972628666946
CUST-1114,10,Month-to-month,Fiber optic,75.62630272162059,1161.2093568082157,0.9595790084292108
CUST-1115,7,Month-to-month,Fiber optic,78.50602044150322,1004.0273712466588,0.9849691993331351
CUST-1116,9,Month-to-month,DSL,103.87731297110115,1244.649753355763,0.884743790516052
CUST-1117,1,Month-to-month,Fiber optic,81.50296041472308,988.9037035767366,0.7468749311975316
CUST-1118,7,Month-to-month,Fiber optic,92.43673471434003,1454.9693759027223,0.9626963230997987
CUST-1119,6,Month-to-month,DSL,65.1303726497318,1085.2390244039186,0.8497118687280175
CUST-1120,10,One year,DSL,76.80358812215843,1390.7549838942577,0.7445873005098462
CUST-1121,14,Month-to-month,No,57.406991948621304,799.8412434154252,0.9673007341409818
CUST-1122,12,Month-to-month,Fiber optic,62.3588021526177,219.74339882370086,0.9196660247096998
CUST-1123,9,One year,Fiber optic,50.056604916057864,815.8576960633748,0.9121945290897139
CUST-1124,1,Month-to-month,Fiber optic,52.35590309891961,233.9656006914853,0.9056624041003773
CUST-1125,13,Month-to-month,Fiber optic,108.63702939061575,909.1155448057873,0.7580985481179683
CUST-1126,4,Month-to-month,Fiber optic,64.54122170820574,749.6149377651112,0.7611919405951825
CUST-1127,9,Month-to-month,Fiber optic,89.79864257024012,952.7343268575335,0.8996049695439039
CUST-1128,4,Month-to-month,DSL,100.3459819279767,64.56812252950581,0.763719597532015
CUST-1129,10,Month-to-month,Fiber optic,83.03962755419386,332.51871290027793,0.8272147920728842
CUST-1130,3,Month-to-month,Fiber optic,59.18867000503737,762.4291262725898,0.926780529422243
CUST-1131,9,Month-to-month,Fiber optic,93.68698624016999,1428.2301643042456,0.9273462302483738
CUST-1132,13,Month-to-month,Fiber optic,86.01508460597498,606.2331085149797,0.8314459140324992
CUST-1133,2,Month-to-month,Fiber optic,93.8750353608425,665.3394377777703,0.929735082099821
CUST-1134,4,Month-to-month,Fiber optic,96.18479737142523,1086.309329059602,0.9432003208974364
CUST-1135,6,Month-to-month,Fiber optic,108.5246220610847,925.4994980648711,0.8898849678724354
CUST-1136,2,Month-to-month,Fiber optic,84.4137968016026,483.4429176425832,0.7662434971694418
CUST-1137,8,Month-to-month,DSL,70.4984667614361,645.6837735727703,0.7794634163118087
CUST-1138,8,Month-to-month,DSL,88.90787341401422,365.66470834298707,0.7913039350685332
CUST-1139,1,Month-to-month,Fiber optic,54.10644255455757,1450.7311157388024,0.733873191242846
CUST-1140,12,Month-to-month,Fiber optic,103.84383909929518,239.41985325817163,0.7792162899072841
CUST-1141,3,Two year,DSL,57.16286068029181,589.1633376213082,0.7607605750506343
CUST-1142,10,Month-to-month,DSL,69.6705702731491,87.46650971901623,0.8320453374444946
CUST-1143,9,Month-to-month,Fiber optic,98.94472283756726,371.58026330364225,0.9634468888829568
CUST-1144,5,Month-to-month,DSL,85.83874269984271,1181.6831506512247,0.7302992918586478
CUST-1145,6,Month-to-month,Fiber optic,73.61813121664653,341.7040868188752,0.9088776979447447
CUST-1146,4,Month-to-month,DSL,78.40613956250128,166.09193366700012,0.8993120712798071
CUST-1147,10,One year,No,101.27284359213081,737.9571107745587,0.7277687176123737
CUST-1148,2,Month-to-month,Fiber optic,70.40026316359352,64.45539036505181,0.967545997422682
CUST-1149,11,Month-to-month,DSL,102.17898108873028,172.9109239181831,0.8648569386254776
CUST-1150,8,Month-to-month,Fiber optic,55.28806585860149,1221.0575108663138,0.8054804011293484
CUST-1151,11,Month-to-month,No,96.60790623251785,1168.6363500464292,0.919396189213639
CUST-1152,13,Month-to-month,Fiber optic,100.85285798328418,1376.9512895870992,0.7746359829364738
CUST-1153,6,Month-to-month,DSL,60.909059170240326,1289.0473820705868,0.9011178527434329
CUST-1154,5,Month-to-month,Fiber optic,75.82079194233202,1040.6045666977363,0.7115162501959517
CUST-1155,9,Month-to-month,Fiber optic,59.929986479819334,125.88264308596112,0.9434283309066889
CUST-1156,1,Month-to-month,Fiber optic,92.39624773965306,1185.1304960806533,0.8299695456361823
CUST-1157,5,One year,No,82.12086608369941,1275.9906757188126,0.8846409451638031
CUST-1158,6,Month-to-month,DSL,88.11940080249926,1208.669111369334,0.7641589677439382
CUST-1159,5,Month-to-month,DSL,61.78921801737267,787.2946011966378,0.8963513766709499
CUST-1160,6,Month-to-month,DSL,62.70475172314517,387.70766604174844,0.9239496800090502
CUST-1161,6,Month-to-month,Fiber optic,52.48983953059438,1275.7284647486538,0.8372318241964756
CUST-1162,7,One year,Fiber optic,69.32405211174378,1104.3860741232008,0.8791408079779204
CUST-1163,4,Month-to-month,Fiber optic,83.5846796800205,1472.1037028638348,0.8323345179084956
CUST-1164,14,Month-to-month,Fiber optic,101.47609483983973,275.7542667461027,0.9592864970847752
CUST-1165,11,Two year,Fiber optic,90.01564684752084,377.21364542547985,0.8443820623491526
CUST-1166,14,Month-to-month,Fiber optic,76.12377940398508,357.1073173281789,0.9441245256183575
CUST-1167,14,One year,Fiber optic,107.18720686364827,1199.1826630509381,0.9323920968983721
CUST-1168,14,Month-to-month,Fiber optic,93.15471203454992,321.01557985267135,0.8190463981910233
CUST-1169,8,Month-to-month,Fiber optic,105.809912171753,146.65675324379384,0.7667245026386678
CUST-1170,7,Month-to-month,Fiber optic,81.65527839632993,1497.9131695491615,0.8177638184423336
CUST-1171,9,Month-to-month,No,65.53425648758838,85.98495659546626,0.9396030389748138
CUST-1172,7,Two year,DSL,53.16960118188332,1261.1038872303552,0.7660134353876238
CUST-1173,3,Month-to-month,No,93.56509108903103,579.7819202484466,0.8520865402987473
CUST-1174,3,Month-to-month,Fiber optic,57.27817988033205,1270.342416648832,0.9337680569086168
CUST-1175,8,Month-to-month,Fiber optic,68.16650769631804,854.1997122561602,0.8025084677872298
CUST-1176,5,Month-to-month,DSL,81.94825447303384,1357.365282755222,0.8862407947307822
CUST-1177,4,Month-to-month,Fiber optic,83.86499526678486,1392.9798303012087,0.7712331564741561
CUST-1178,8,Two year,Fiber optic,86.03499181922817,63.1923628571252,0.7316910391567664
CUST-1179,6,Month-to-month,Fiber optic,59.97531982098204,159.347655189543,0.9303714252769283
CUST-1180,2,Month-to-month,Fiber optic,72.78424428929893,413.0201578777404,0.7287009007885249
CUST-1181,4,Month-to-month,Fiber optic,87.031653627018,1020.5073537270774,0.7787006045730795
CUST-1182,12,Month-to-month,Fiber optic,108.18913187802708,1337.9946849416838,0.9479817323792576
CUST-1183,11,Month-to-month,Fiber optic,93.65786826198132,716.915829376246,0.8004760932528134
CUST-1184,4,Month-to-month,Fiber optic,105.35622542563746,930.1110185976848,0.9821831513591067
CUST-1185,6,One year,Fiber optic,95.73272349885062,323.3247865535636,0.9841229570844193
CUST-1186,6,Month-to-month,DSL,85.50301813354403,1217.2019091284437,0.7778000459315314
CUST-1187,1,Month-to-month,Fiber optic,61.52140214818067,1452.625761462531,0.7118836844524682
CUST-1188,14,Month-to-month,Fiber optic,90.00113911355078,439.46845272616633,0.9044683524195599
CUST-1189,8,One year,DSL,87.40277395759442,767.4976298207922,0.8307860857680196
CUST-1190,6,Month-to-month,Fiber optic,86.14815022743599,174.868360234242,0.7292183247482771
CUST-1191,3,Month-to-month,Fiber optic,79.38715207929445,860.7481518713041,0.9051816175036324
CUST-1192,14,Month-to-month,Fiber optic,81.71939623935654,779.0359906776868,0.7090407236424571
CUST-1193,9,Month-to-month,Fiber optic,70.06655162708624,259.4329020248625,0.9523570402427503
CUST-1194,2,Month-to-month,Fiber optic,81.15876155853819,690.9960090212088,0.740209233442858
CUST-1195,11,Month-to-month,DSL,61.8533543407087,534.4517455255167,0.7369204448365502
CUST-1196,8,Month-to-month,Fiber optic,98.3104638416226,806.6547691925246,0.7509449664108895
CUST-1197,10,Month-to-month,Fiber optic,61.14661728192247,899.1987863717588,0.9784772439626993
CUST-1198,3,One year,Fiber optic,55.097977393367984,62.31858898045379,0.9010191144736154
CUST-1199,13,Month-to-month,Fiber optic,76.17476158142944,1153.4586752768553,0.9323977452844546
CUST-1200,12,Month-to-month,Fiber optic,89.49844637036371,1083.8707231995243,0.8153141458624984
CUST-1201,5,Month-to-month,Fiber optic,76.26300949601249,581.1152599994572,0.797530690976437
CUST-1202,6,Month-to-month,Fiber optic,66.60524791707851,126.75710657478648,0.7680003619671193
CUST-1203,10,Month-to-month,Fiber optic,83.49027103342644,1144.6521826883231,0.8393879282105986
CUST-1204,6,Month-to-month,Fiber optic,70.82014012473199,1435.003982693292,0.8600303327249088
CUST-1205,4,Month-to-month,Fiber optic,105.97206140759798,398.21981423192057,0.8832147046592991
CUST-1206,3,Month-to-month,DSL,105.35870837621432,519.1106899187049,0.7745643661596213
CUST-1207,4,Month-to-month,Fiber optic,80.14230919832573,316.5286897486317,0.9751096834618673
CUST-1208,1,Month-to-month,Fiber optic,69.67303964109551,886.5573788500176,0.7492299644800694
CUST-1209,4,Month-to-month,Fiber optic,94.22794483739834,274.52002223880964,0.9800394206822596
CUST-1210,1,Month-to-month,DSL,52.202776608983996,566.4812180190002,0.704308275527176
CUST-1211,12,Month-to-month,Fiber optic,78.48614036261907,1060.6688702046813,0.8395264506268852
CUST-1212,1,Month-to-month,Fiber optic,70.17940365622002,862.1681753635552,0.7966766730538032
CUST-1213,10,Month-to-month,DSL,105.23215310615328,610.3707182755061,0.8302457900397727
CUST-1214,14,Month-to-month,DSL,50.720181636360955,659.3619226209357,0.8654927279044288
CUST-1215,6,Month-to-month,Fiber optic,83.16889254310095,865.0607798036827,0.8263208558236856
CUST-1216,5,Month-to-month,Fiber optic,94.43981486399755,58.50385543638389,0.8203055865874626
CUST-1217,14,Month-to-month,DSL,79.10107925144247,163.8393092577343,0.9124897904698589
CUST-1218,11,One year,No,55.1241818097633,1327.8241982563668,0.8989041197750747
CUST-1219,4,One year,DSL,108.34768340167413,162.92453418237162,0.9416486717903959
CUST-1220,13,One year,Fiber optic,81.08062588256587,1074.8652145052324,0.7724881045594537
CUST-1221,11,Month-to-month,Fiber optic,86.85117465914068,1384.0553379581263,0.8767632678286784
CUST-1222,3,Month-to-month,Fiber optic,64.19658696245044,442.4912262375101,0.8697064877639276
CUST-1223,1,Two year,DSL,79.00988510640823,587.2125837362956,0.8072239651530797
CUST-1224,6,Month-to-month,Fiber optic,75.74896951749932,874.9360384748386,0.8409566871517774
CUST-1225,2,Month-to-month,Fiber optic,54.49375052011902,1328.4780059759478,0.7909968215586612
CUST-1226,8,Month-to-month,DSL,56.36962121284803,1415.7631015276093,0.7411348753089256
CUST-1227,10,Month-to-month,Fiber optic,100.24835117712648,1122.3667097613386,0.7620023510921925
CUST-1228,5,One year,DSL,64.38919713239541,175.59865323930634,0.7305989574563483
CUST-1229,7,Month-to-month,Fiber optic,61.69749628991783,1020.2735255255336,0.8980901768051359
CUST-1230,10,Month-to-month,Fiber optic,80.29468707500835,644.94039671536,0.891610944001654
CUST-1231,12,Month-to-month,Fiber optic,96.12482788175078,732.5164492620393,0.9756758477581631
CUST-1232,2,Month-to-month,DSL,53.71679111473927,121.26516600050671,0.9116067399576999
CUST-1233,13,Month-to-month,Fiber optic,84.60847517829535,327.04010205221937,0.7150932932392781
CUST-1234,8,Month-to-month,Fiber optic,57.1526265704344,1196.2447309237891,0.9564311004393967
CUST-1235,2,Month-to-month,No,52.18766304953711,708.2403079193966,0.9501757972542605
CUST-1236,4,Two year,Fiber optic,53.164637129733045,487.41025036516584,0.8285628930240826
CUST-1237,1,Month-to-month,Fiber optic,100.04984649250648,606.8276572491893,0.8699002846530972
CUST-1238,5,Month-to-month,Fiber optic,57.07834901768369,1288.8792943222363,0.9830627164170305
CUST-1239,9,Month-to-month,Fiber optic,52.70908186473752,1136.0485752371874,0.8543682655159682
CUST-1240,1,Month-to-month,Fiber optic,76.27399322857474,444.85732591257005,0.962543330229066
CUST-1241,9,Month-to-month,Fiber optic,100.63960831652149,220.3776683079413,0.724081239764954
CUST-1242,11,Month-to-month,Fiber optic,65.74450258935812,415.397421383904,0.7554050419255179
CUST-1243,8,Month-to-month,Fiber optic,75.30275705155498,1385.0968540293638,0.8278189335979821
CUST-1244,6,Month-to-month,Fiber optic,52.39535195382507,893.3038148821453,0.8695794744178184
CUST-1245,7,One year,Fiber optic,76.94471084809256,823.5463026799351,0.936706077040212
CUST-1246,3,Month-to-month,Fiber optic,84.65678483822802,914.7707195540693,0.9865960133915241
CUST-1247,14,Month-to-month,Fiber optic,84.25442322512869,580.7409853324472,0.8127669339774938
CUST-1248,1,Month-to-month,Fiber optic,69.94560153046191,1220.3051794632936,0.7137505344806245
CUST-1249,5,Month-to-month,Fiber optic,68.93199083978813,808.7650614853623,0.9323397359556442
CUST-1250,14,Month-to-month,Fiber optic,56.39741713619587,219.28445901475354,0.8752704085340143
CUST-1251,12,One year,DSL,72.0078992387761,237.1444310021413,0.7575774290717785
CUST-1252,12,One year,Fiber optic,55.96968013237788,828.4457624287966,0.8435002524202119
CUST-1253,2,Month-to-month,DSL,95.9957566827231,1408.0268162027169,0.91526997120478
CUST-1254,14,Two year,No,107.97645786489115,497.11057643048815,0.9234194182499067
CUST-1255,5,Month-to-month,Fiber optic,108.20446740000241,1310.8346948458666,0.844889339479641
CUST-1256,8,Month-to-month,Fiber optic,101.90426596252362,1157.938600539375,0.7885122137373691
CUST-1257,11,Month-to-month,Fiber optic,86.04752896037715,409.32804221501493,0.9823853487911631
CUST-1258,9,One year,DSL,92.0519418346328,102.69408505855156,0.8923751571773829
CUST-1259,2,Month-to-month,Fiber optic,67.11234816082484,197.67853445645497,0.8183888806104266
CUST-1260,12,Month-to-month,Fiber optic,87.84622521035723,1106.3162040787884,0.7813343350193491
CUST-1261,3,Month-to-month,Fiber optic,77.33897296639265,339.5211201589377,0.912019865071033
CUST-1262,3,Month-to-month,DSL,78.92104038661596,588.342834732821,0.7702331992221926
CUST-1263,1,Month-to-month,DSL,95.46659362250948,777.463790709316,0.7497958968023696
CUST-1264,8,One year,Fiber optic,66.9151013358351,1101.928844252736,0.8536518277990004
CUST-1265,6,Month-to-month,Fiber optic,69.0823767016712,214.1852737257318,0.7840963438668012
CUST-1266,12,Month-to-month,Fiber optic,105.4785074677182,639.2312876523191,0.8823824920278484
CUST-1267,13,Two year,Fiber optic,53.373457691058334,753.3557182569083,0.7342022157135276
CUST-1268,8,Month-to-month,DSL,79.13805790480042,834.1992427587326,0.8899329203245232
CUST-1269,11,Two year,Fiber optic,104.7680480244717,1236.622930023064,0.7821559931193336
CUST-1270,9,Month-to-month,Fiber optic,86.62178046908942,298.9333828126645,0.7000704509860086
CUST-1271,5,Month-to-month,Fiber optic,82.78442445272792,1221.3556051486023,0.7368114567255111
CUST-1272,14,Month-to-month,DSL,64.98465075376131,1054.6737201601456,0.9707484595721773
CUST-1273,12,One year,DSL,70.59652934386689,856.0126805884911,0.9515328453434537
CUST-1274,14,Month-to-month,Fiber optic,101.12290494828157,1064.3154120837294,0.7677466192905087
CUST-1275,3,Month-to-month,DSL,83.55308790610749,647.4257214799018,0.9257278523181924
CUST-1276,5,Month-to-month,Fiber optic,80.8845316254068,250.67649965378064,0.8764857620204525
CUST-1277,5,Month-to-month,Fiber optic,55.974782812401735,1015.3595983847827,0.9815623663204621
CUST-1278,5,Month-to-month,Fiber optic,50.96168938730739,810.7748446941523,0.8083456412648771
CUST-1279,3,Month-to-month,Fiber optic,107.82111132122294,977.0934607870245,0.8976235776299797
CUST-1280,11,One year,Fiber optic,72.6191700372105,540.0982324913106,0.7184253595029364
CUST-1281,14,Month-to-month,DSL,86.19278372597026,1364.956537142762,0.8149117305767577
CUST-1282,10,Month-to-month,Fiber optic,54.782904391237096,901.6863094345865,0.9795071217445723
CUST-1283,14,Month-to-month,Fiber optic,90.98685714338279,173.83360222176705,0.856304453590535
CUST-1284,4,One year,Fiber optic,105.95400252235765,702.2157865214216,0.7834850559671049
CUST-1285,9,Month-to-month,Fiber optic,84.53991517984518,1146.7162793782697,0.7348785793072959
CUST-1286,13,Month-to-month,DSL,57.566919342524635,1201.495114511795,0.9040232186526438
CUST-1287,10,Month-to-month,Fiber optic,84.9032916484086,767.1657265074502,0.8870082525946208
CUST-1288,9,Month-to-month,Fiber optic,95.98083278627914,1347.3839777053865,0.8084422269450946
CUST-1289,2,Month-to-month,DSL,74.38499219444112,438.11923393173146,0.9757729920410919
CUST-1290,8,Month-to-month,Fiber optic,102.79026487648807,645.3681109954865,0.7064388157664766
CUST-1291,8,Month-to-month,Fiber optic,88.92097720144187,1352.9655203250065,0.7880799169732294
CUST-1292,7,Month-to-month,Fiber optic,103.95493509735215,1349.5722388837894,0.9671101510268786
CUST-1293,8,Month-to-month,Fiber optic,87.41031867484023,1044.2835147957874,0.7930712771126377
CUST-1294,14,Month-to-month,No,57.877278320289456,1295.5217933272193,0.7731533218179993
CUST-1295,3,Month-to-month,DSL,68.58150266631135,178.72123708653737,0.8549239188800617
CUST-1296,13,Month-to-month,Fiber optic,62.10769689514741,1304.2427155012756,0.938902507476956
CUST-1297,6,Month-to-month,DSL,104.52958986301174,514.8988644978288,0.7299125606547247
CUST-1298,1,Month-to-month,Fiber optic,95.62400403724897,308.58069302091366,0.9734760057972635
CUST-1299,7,Month-to-month,Fiber optic,90.58390213460036,397.0862626959672,0.9305711355425376
CUST-1300,1,Month-to-month,Fiber optic,68.0579791778973,656.0543366201363,0.75256257410995
CUST-1301,9,Month-to-month,Fiber optic,61.04268632301281,414.22840667647745,0.9064823087474672
CUST-1302,1,Month-to-month,Fiber optic,95.3870652793347,514.8229997239237,0.8116380295648915
CUST-1303,1,Month-to-month,Fiber optic,78.44947675274479,245.71880480388103,0.8166654566421324
CUST-1304,7,Month-to-month,DSL,63.547373129037744,479.4563100605479,0.9271541268072713
CUST-1305,2,Month-to-month,Fiber optic,86.99731868991651,879.8115310859017,0.9792075943144123
CUST-1306,14,Month-to-month,Fiber optic,52.420031128307116,690.6878767320427,0.7367302031256862
CUST-1307,5,Month-to-month,Fiber optic,69.57021524769522,552.7422037920712,0.8219827686948576
CUST-1308,8,Month-to-month,Fiber optic,78.11341967546808,1132.3555868428152,0.839473066344448
CUST-1309,8,Month-to-month,Fiber optic,58.87750004656435,1345.589458520311,0.8091304269169493
CUST-1310,3,Two year,Fiber optic,109.07926865545038,1147.3443732084756,0.8053248458777053
CUST-1311,7,Month-to-month,DSL,62.54584187537686,531.4010180706348,0.715157913592863
CUST-1312,3,Month-to-month,Fiber optic,57.82118780259593,1129.4411433644527,0.8988061999631607
CUST-1313,6,Month-to-month,Fiber optic,62.21209243321378,270.37126458737424,0.8265021809648131
CUST-1314,6,Month-to-month,Fiber optic,96.14366798958345,238.96108273237184,0.7564902027667387
CUST-1315,3,Month-to-month,Fiber optic,75.53033955631057,551.1592037024304,0.9366497156675998
CUST-1316,7,Month-to-month,Fiber optic,83.92495638515229,1221.1684351138827,0.9327426169639721
CUST-1317,3,Month-to-month,DSL,51.26054941918164,407.2049585013377,0.8410535721457791
CUST-1318,8,One year,Fiber optic,52.065878514398875,141.7174429030854,0.7865506917328505
CUST-1319,10,Month-to-month,Fiber optic,76.74953298962097,240.9788260492149,0.8850468904809712
CUST-1320,4,Month-to-month,Fiber optic,98.9993145920974,1295.1802043678913,0.7835641193754469
CUST-1321,13,Month-to-month,Fiber optic,103.11433272245391,968.9857628835671,0.7684422997938765
CUST-1322,1,Month-to-month,Fiber optic,55.20239405573841,417.1416868864662,0.9118492496676347
CUST-1323,4,Month-to-month,DSL,82.30178612606137,855.1789467258629,0.7116943195190757
CUST-1324,14,Month-to-month,Fiber optic,104.79378117675623,814.9904525167581,0.7274828566000322
CUST-1325,7,Month-to-month,DSL,73.27836526387318,1000.3821687389589,0.701968570466841
CUST-1326,11,Month-to-month,Fiber optic,99.77394988570211,388.12195391134367,0.7443535240778736
CUST-1327,4,Month-to-month,DSL,58.021739263966175,1303.3843314318767,0.7200071025260332
CUST-1328,13,Month-to-month,Fiber optic,106.12366938006792,498.5844150160186,0.9887826866561764
CUST-1329,6,Month-to-month,Fiber optic,95.08539905187816,1056.4908982655436,0.783754891286686
CUST-1330,9,One year,Fiber optic,106.4800635672141,73.38073723971159,0.7432877236740817
CUST-1331,1,One year,DSL,90.59703401315039,590.3528383465135,0.7698889148188162
CUST-1332,13,Month-to-month,Fiber optic,71.80423591996562,559.979236040272,0.971476415746639
CUST-1333,5,Month-to-month,Fiber optic,106.29087035148335,838.052421445371,0.8508464646770747
CUST-1334,11,Month-to-month,Fiber optic,66.5340065785507,155.46757957693492,0.8057972479292784
CUST-1335,7,Month-to-month,DSL,69.93035132370395,1195.690491902857,0.9532835227936736
CUST-1336,1,One year,Fiber optic,92.04850508010442,365.78216256297435,0.8145471784592194
CUST-1337,14,Month-to-month,DSL,95.91897797152318,1031.7048315789148,0.7971524852877317
CUST-1338,4,Month-to-month,Fiber optic,105.76420903094923,1214.657578703935,0.7601119315394232
CUST-1339,6,Month-to-month,Fiber optic,62.28814454337257,864.721586550194,0.8095610789337293
CUST-1340,2,Month-to-month,Fiber optic,97.87988211315344,1124.280649746879,0.7918384632449085
CUST-1341,10,Month-to-month,No,94.31276320381781,1009.697452711758,0.8964181481964609
CUST-1342,5,One year,Fiber optic,53.82767337521587,565.5182058704111,0.7839789843545109
CUST-1343,11,Month-to-month,DSL,73.23338847261242,1222.8448815986696,0.8673879264625428
CUST-1344,10,Month-to-month,Fiber optic,66.96592742360592,477.31698633401555,0.719108727859272
CUST-1345,1,Two year,Fiber optic,68.26942546124182,878.2587307396999,0.7554738554419891
CUST-1346,6,Month-to-month,Fiber optic,108.97681277328205,1130.8267217552323,0.8181475287672911
CUST-1347,6,Month-to-month,Fiber optic,88.56664480879567,599.486069228136,0.9717152836335217
CUST-1348,13,Month-to-month,DSL,93.06056946760998,489.0130310452663,0.8094030758575517
CUST-1349,4,Month-to-month,DSL,108.59705823890054,716.051714750593,0.8925814951479518
CUST-1350,13,One year,DSL,72.63210694745833,1236.0470668062728,0.7739752945022055
CUST-1351,8,Month-to-month,DSL,98.11041010716835,1398.3865565612139,0.7368397370322372
CUST-1352,4,One year,Fiber optic,76.07185779826972,840.3709486468407,0.7169756140232145
CUST-1353,8,Month-to-month,Fiber optic,102.17202030889878,1009.1259977192952,0.7885699145773979
CUST-1354,13,One year,No,60.83945247867819,1359.7467522464256,0.7457216977711033
CUST-1355,8,Month-to-month,Fiber optic,106.86117062385678,192.89293454876648,0.750463029924676
CUST-1356,5,Month-to-month,DSL,63.12630250465278,386.5139379059393,0.9206201994322155
CUST-1357,13,Month-to-month,DSL,69.57323041885589,1077.9050090647945,0.7045930405740135
CUST-1358,4,Two year,Fiber optic,95.37153404640684,1244.4294697728344,0.861764936463276
CUST-1359,12,Month-to-month,No,73.62530849392441,1292.692091079338,0.8100438003721048
CUST-1360,13,Month-to-month,Fiber optic,86.4926826059868,651.9054064396522,0.8468994999734787
CUST-1361,2,Month-to-month,Fiber optic,76.67441006416571,179.5428583232069,0.8632207687922349
CUST-1362,11,Month-to-month,Fiber optic,94.5421962253869,684.7831420844489,0.7908766313926107
CUST-1363,3,One year,Fiber optic,63.69987514211665,384.56515580022796,0.7855815694534427
CUST-1364,3,Month-to-month,Fiber optic,53.50747923421262,472.23485974510504,0.9126865363071226
CUST-1365,4,Month-to-month,Fiber optic,67.99576384838397,1169.7879574143835,0.9526703265551356
CUST-1366,4,Month-to-month,DSL,78.45851989210581,159.51427473753597,0.755848673412973
CUST-1367,10,Month-to-month,DSL,60.08120313156071,1249.9927653470181,0.7283094405551932
CUST-1368,11,Month-to-month,Fiber optic,71.28783737938332,670.1201744450451,0.9603607838536875
CUST-1369,11,Month-to-month,Fiber optic,73.9989810976141,914.2927000958629,0.8014696844577456
CUST-1370,5,Month-to-month,DSL,53.44351062129641,179.99573529173455,0.8598820432922161
CUST-1371,4,Month-to-month,Fiber optic,84.99843489105227,539.1706636180554,0.8042675119108009
CUST-1372,11,Month-to-month,Fiber optic,103.06060567827726,180.06633257152637,0.7364826775403548
CUST-1373,14,Month-to-month,Fiber optic,59.104574777183146,1444.2383981776088,0.8709061770348411
CUST-1374,10,Month-to-month,Fiber optic,85.86848080409084,1220.5293915230632,0.8522908470131926
CUST-1375,8,Month-to-month,Fiber optic,89.88435229465078,716.4674938168673,0.7588681321654471
CUST-1376,6,Month-to-month,No,75.1600808251573,374.22369506932307,0.8310420229491605
CUST-1377,6,One year,Fiber optic,92.0658552418562,1403.5099026122857,0.9311147761645373
CUST-1378,8,One year,Fiber optic,74.64389260946072,549.6650638041091,0.8712235699012885
CUST-1379,7,Month-to-month,Fiber optic,80.27823727864609,283.4274259466934,0.7281060248494284
CUST-1380,10,Month-to-month,Fiber optic,50.441182673265615,866.5883632582346,0.8589262341964491
CUST-1381,14,One year,Fiber optic,91.50320684808133,1418.4724744999833,0.9037941067939802
CUST-1382,11,Month-to-month,DSL,89.68056073668346,55.55392122546773,0.9298839876764179
CUST-1383,12,Month-to-month,DSL,52.304052639580675,395.2810227182982,0.8824440978039373
CUST-1384,10,Month-to-month,Fiber optic,72.09500644370799,1410.749078595091,0.7442708677168273
CUST-1385,13,Month-to-month,DSL,108.74191044750005,298.07465194288494,0.9059502473111466
CUST-1386,8,Month-to-month,DSL,75.244193754117,214.2030048777388,0.8964291353636398
CUST-1387,14,Month-to-month,DSL,80.1167243079105,876.7714629097164,0.7070837960527836
CUST-1388,2,Two year,Fiber optic,104.59580948958312,1299.6735437775033,0.8194068236011705
CUST-1389,9,One year,Fiber optic,93.03571255194538,741.8092356561929,0.7965555716190882
CUST-1390,1,Month-to-month,Fiber optic,84.92420786745342,1492.118172192561,0.8941294986335566
CUST-1391,8,Month-to-month,Fiber optic,97.86828088046435,1034.7989643300896,0.762679385570167
CUST-1392,12,Month-to-month,Fiber optic,101.86197598735839,157.40861545514923,0.8713528576625349
CUST-1393,11,Month-to-month,Fiber optic,77.41328430423602,1489.6065909388642,0.96482972892611
CUST-1394,12,Month-to-month,DSL,78.50650189591012,641.4466433312762,0.9313626879404963
CUST-1395,12,Month-to-month,DSL,73.16305613911015,466.7336740759497,0.9672227435027938
CUST-1396,4,One year,DSL,108.00236840110763,858.9248161879341,0.9837667304104801
CUST-1397,4,Month-to-month,Fiber optic,91.82997525742103,491.24600814025325,0.7030943368317871
CUST-1398,5,Month-to-month,Fiber optic,54.99338397248434,175.36338532422087,0.8805949701494684
CUST-1399,8,One year,Fiber optic,101.7775773987811,52.07109746480624,0.8197234253500828
CUST-1400,5,Month-to-month,Fiber optic,78.83359645017609,701.8958617343803,0.9493578021971852
CUST-1401,8,Month-to-month,Fiber optic,54.125234385349245,1263.4519622285588,0.7730262635826481
CUST-1402,10,Month-to-month,Fiber optic,82.98303530979867,879.857019163611,0.9844985518433721
CUST-1403,1,Month-to-month,Fiber optic,75.02985673854212,1498.8505834679893,0.8779753111676867
CUST-1404,12,Month-to-month,DSL,102.66496429175749,465.92763618844,0.930125846646361
CUST-1405,10,Month-to-month,Fiber optic,62.23967621656324,456.65984390208024,0.7248238703186027
CUST-1406,9,Month-to-month,DSL,99.58787656953098,281.6367173392191,0.7532027865800708
CUST-1407,6,One year,Fiber optic,83.46132147112716,287.892202984736,0.9199370651799189
CUST-1408,3,Month-to-month,Fiber optic,53.276618192808144,463.52056421456933,0.7063760913914038
CUST-1409,13,Month-to-month,Fiber optic,108.31071807952908,1199.6180656466142,0.936894615909197
CUST-1410,14,Month-to-month,Fiber optic,80.756914646192,1363.3473464228493,0.7040452154206542
CUST-1411,8,Month-to-month,Fiber optic,67.45261125389494,1463.8763960761378,0.8905644633277693
CUST-1412,9,Month-to-month,Fiber optic,78.16441051935549,386.8199984398563,0.8058772368672237
CUST-1413,6,Month-to-month,Fiber optic,101.47146701104934,1327.881441140433,0.8773335072885677
CUST-1414,11,Month-to-month,Fiber optic,68.29418746310381,525.9698794521387,0.9018491080268429
CUST-1415,7,Month-to-month,Fiber optic,61.56058378920202,213.6187895494824,0.7993178135640282
CUST-1416,1,Month-to-month,DSL,57.74427481585289,1311.5361420042402,0.7313091099521423
CUST-1417,14,Month-to-month,Fiber optic,67.87156390341268,972.3531702332469,0.720197301646997
CUST-1418,5,Month-to-month,DSL,96.80288522240261,288.8597993175395,0.8707914465431389
CUST-1419,5,Two year,Fiber optic,78.2975819117157,673.2553233938537,0.8509900525828923
CUST-1420,10,Month-to-month,DSL,63.6488962216124,466.5236575717481,0.9152382926451285
CUST-1421,14,Month-to-month,DSL,59.97109997658495,1118.3521246297857,0.8478232979011417
CUST-1422,4,Month-to-month,Fiber optic,69.96376859062275,707.4535344051886,0.8225092791089549
CUST-1423,6,Month-to-month,Fiber optic,106.39546237314254,1484.4559204042582,0.8154452816885069
CUST-1424,7,Month-to-month,DSL,70.58160275540146,129.38022427641292,0.7076696017533235
CUST-1425,9,Month-to-month,Fiber optic,109.28744455727812,564.7721358975576,0.7973115884920305
CUST-1426,1,Month-to-month,Fiber optic,79.11382734592137,748.7552423094672,0.9830458456821033
CUST-1427,6,Month-to-month,Fiber optic,60.749835097409054,779.5436543850636,0.9533311171058557
CUST-1428,7,Month-to-month,DSL,103.46840550761057,508.10694245917335,0.7955196394399231
CUST-1429,3,Month-to-month,DSL,77.62132238808961,1107.3983611914737,0.8704606674692479
CUST-1430,8,Month-to-month,Fiber optic,92.58028061027147,1318.3832565590133,0.9457160562052932
CUST-1431,5,Two year,Fiber optic,109.0226949925491,1411.1429878679014,0.8279695576575199
CUST-1432,9,Month-to-month,Fiber optic,53.01052101919844,1217.385396359313,0.7052077804875437
CUST-1433,5,Month-to-month,Fiber optic,55.80167358725403,1283.341286094569,0.7216080339274056
CUST-1434,9,Month-to-month,No,93.22740448776537,848.2906858989935,0.8480138891911249
CUST-1435,10,Month-to-month,Fiber optic,66.90950019772832,1247.537928318881,0.9811374189460047
CUST-1436,4,Month-to-month,Fiber optic,61.058083817005944,490.08066826453074,0.9010307672434716
CUST-1437,9,Month-to-month,Fiber optic,52.36171278918377,627.7942050583608,0.7205656955171851
CUST-1438,5,Month-to-month,DSL,51.31080271917211,509.52387003688926,0.7549146539796402
CUST-1439,10,Month-to-month,Fiber optic,96.46913618718744,727.7116363994919,0.9236837115328865
CUST-1440,9,Month-to-month,Fiber optic,58.066005642172996,464.09044354602275,0.944017530387311
CUST-1441,3,Month-to-month,Fiber optic,78.06323695826906,1444.3365912689478,0.8791314299946913
CUST-1442,4,Month-to-month,Fiber optic,86.35380891076898,503.62471060821883,0.8868827191926468
CUST-1443,9,Month-to-month,Fiber optic,75.70110803413077,192.16458026086275,0.7082178606111815
CUST-1444,10,Month-to-month,Fiber optic,51.62639914017399,813.8848907730994,0.9402737752786374
CUST-1445,11,Month-to-month,Fiber optic,97.01009015527453,132.79366374550574,0.9285998103695405
CUST-1446,6,Month-to-month,DSL,50.63079347249921,210.28759114744176,0.7751201917899706
CUST-1447,2,Month-to-month,DSL,95.71339366264904,368.11461433455713,0.905516248789997
CUST-1448,7,Month-to-month,No,103.59826962728737,723.3078623291054,0.7623078358632495
CUST-1449,2,One year,Fiber optic,75.97039526343033,678.2138518480905,0.7116957467049387
CUST-1450,11,Month-to-month,No,82.13254838586789,1209.5531999040472,0.7583295973512094
CUST-1451,2,Month-to-month,Fiber optic,78.61900355705923,1122.2382481319644,0.7518023742587469
CUST-1452,11,Month-to-month,Fiber optic,73.35251711740632,668.161526286517,0.7979469190531057
CUST-1453,1,Month-to-month,Fiber optic,103.24547212222161,533.8711009846634,0.8213503541808829
CUST-1454,11,Month-to-month,Fiber optic,103.63601064019943,508.87973688917293,0.8474762785343353
CUST-1455,11,Month-to-month,Fiber optic,70.14898187849207,1172.2928765763131,0.8382586238974151
CUST-1456,12,One year,Fiber optic,86.90418524088187,125.50498902084112,0.7784956357299339
CUST-1457,11,Month-to-month,Fiber optic,105.61445372875184,68.59139179037845,0.7084594938864816
CUST-1458,3,Month-to-month,Fiber optic,107.7235099364811,1203.5393682936397,0.8754794704487737
CUST-1459,6,Two year,Fiber optic,80.53754242532285,741.8622451841214,0.8147660006557328
CUST-1460,8,Month-to-month,Fiber optic,77.1694883170596,239.77765090268517,0.7866149256423893
CUST-1461,9,Month-to-month,Fiber optic,66.72165895571155,391.5706051620268,0.9514129024208485
CUST-1462,7,Month-to-month,DSL,107.5323123914246,1402.1307319912046,0.9165555592614664
CUST-1463,4,Month-to-month,DSL,58.56885826837204,1296.279314656102,0.9487520090280083
CUST-1464,6,Month-to-month,Fiber optic,84.7897745628635,1079.1883228247602,0.8435450104666137
CUST-1465,5,One year,Fiber optic,66.95301605111834,749.2265839891235,0.7379700631167654
CUST-1466,8,Month-to-month,Fiber optic,66.7404974208678,804.4692579775093,0.9019042164751689
CUST-1467,1,Month-to-month,DSL,74.29811524257131,1464.10457616174,0.7597613961817807
CUST-1468,1,Month-to-month,Fiber optic,109.92757614893927,1450.3671436322163,0.8279566040365979
CUST-1469,13,Month-to-month,Fiber optic,53.29797841038933,362.1401163894597,0.7188502287951776
CUST-1470,11,Two year,Fiber optic,84.71250909221189,1226.1016211427113,0.9393394367026648
CUST-1471,6,Month-to-month,Fiber optic,54.954329482116634,336.00186594217433,0.7365227859037752
CUST-1472,10,Month-to-month,Fiber optic,59.27124979943114,359.6293429317295,0.9618982770442998
CUST-1473,12,Month-to-month,DSL,76.37377650637391,1030.3348995386364,0.9506268746558516
CUST-1474,2,Month-to-month,Fiber optic,80.62760788078648,637.2515929519452,0.8347290016873813
CUST-1475,5,Month-to-month,Fiber optic,65.52754450187145,1400.7393903044542,0.9158667792481573
CUST-1476,1,Month-to-month,DSL,68.98742785246498,179.0641155992128,0.8796390714072644
CUST-1477,7,Month-to-month,DSL,55.21802121535598,791.7121791737649,0.932891936277946
CUST-1478,1,Month-to-month,Fiber optic,68.19318703065503,1381.8562191425258,0.8252234792279145
CUST-1479,4,Month-to-month,Fiber optic,107.99350636283265,1360.9648076952824,0.9278844604308615
CUST-1480,9,Month-to-month,Fiber optic,106.6824429003489,276.9673594528248,0.8341124769488929
CUST-1481,1,Month-to-month,DSL,70.0926974082191,581.6246651398619,0.9728800784744102
CUST-1482,4,Month-to-month,Fiber optic,84.2512361767257,947.7260300677095,0.8410479092392927
CUST-1483,6,Month-to-month,DSL,104.57572346665665,281.12258291853317,0.8341595888607816
CUST-1484,6,Month-to-month,Fiber optic,50.371029358453804,1453.6321494663212,0.9276708398534187
CUST-1485,12,Month-to-month,Fiber optic,98.64101422025551,1376.3865266551074,0.938257530610643
CUST-1486,13,Month-to-month,Fiber optic,106.90217316733514,292.0777595999803,0.8608018431531395
CUST-1487,8,Month-to-month,Fiber optic,55.479544060013424,225.67541882842886,0.7521413659135718
CUST-1488,1,Month-to-month,Fiber optic,59.68686116197526,173.84230007198468,0.835649886977698
CUST-1489,7,One year,Fiber optic,107.64477816628133,1368.6933128531152,0.9807410258438067
CUST-1490,1,Month-to-month,Fiber optic,82.25240861842077,330.75452420341816,0.9183659959813637
CUST-1491,13,Month-to-month,No,50.851798068303424,653.6131463893144,0.9352371551249483
CUST-1492,14,Month-to-month,Fiber optic,65.45791992581175,700.8344801954044,0.7095193946575796
CUST-1493,7,Month-to-month,DSL,76.99662045613158,918.5660141096729,0.8356792441639064
CUST-1494,3,Month-to-month,Fiber optic,91.57453466148607,154.0162484337662,0.8875201287606911
CUST-1495,11,Month-to-month,Fiber optic,93.98962268820797,378.79999523074815,0.9407094782521417
CUST-1496,8,One year,Fiber optic,109.72529077552737,1400.6610610324428,0.7142893595390036
CUST-1497,3,Month-to-month,Fiber optic,67.25067196302554,1367.1946555394259,0.9472072768361431
CUST-1498,14,One year,DSL,82.29320611210852,1182.8714387382538,0.8590362716551544
CUST-1499,14,Month-to-month,Fiber optic,81.9994128715763,78.13180614641239,0.7572210514670573
